Firstname,Lastname,Score
Randy,Bried,87.36
James,Honea,61.81
George,Defibaugh,82.66
Juanita,Hodges,71.87
Kelly,Scerbo,72.51
Oscar,Brown,84.0
Kim,Gombert,72.63
Curtis,Fegueroa,81.1
Delores,Mayoka,73.79
Peggy,Gardner,83.68
John,Henry,67.3
Robert,Kilby,73.58
James,Puffinburger,76.11
Mildred,Mooney,82.03
Kurt,Dennig,79.72
Lisa,Holsomback,76.99
Lisa,Brocklehurst,69.81
Gregory,Davis,65.57
Jermaine,Cantrell,75.34
Gregg,Tinker,87.23
Lois,Johnson,83.24
Cora,Lopez,81.34
Ferdinand,Young,82.99
Christopher,Minjares,77.94
David,Roland,83.86
Louise,Smith,80.44
Paul,Langone,94.55
Sharon,Stevens,72.86
Donald,Ortiz,77.57
George,Bremer,76.96
Douglas,Tucker,66.99
Louise,Traynor,70.75
Anthony,Prather,75.65
Samantha,Prior,78.42
Bonnie,Hughes,76.26
Sanjuana,Sheffield,80.12
Jane,Hickman,76.58
Kathleen,Stegall,84.07
George,Holstine,83.25
Crystal,Dozier,82.3
Barbara,Myrlie,82.35
Danielle,Barrett,82.78
Crystal,Griffin,63.11
Mary,Rohrs,84.24
Mark,White,74.59
Edward,Rose,66.16
Kristie,Murphy,77.52
Christopher,Iser,71.51
Virginia,Oliver,80.33
Violet,Drew,84.39
Chris,Polson,80.75
Rodrigo,Ammons,69.73
Israel,Hutto,84.5
James,Hughes,77.8
Demetrius,Miscione,78.83
Eduardo,Ruiz,71.12
George,Boyd,79.33
Gregory,Oliver,77.01
Richard,Dixon,77.34
Rachel,Taylor,84.1
Kurt,Coulter,86.28
Ann,Cardona,77.0
Aaron,Keller,79.8
Mary,Smith,75.52
Gregg,Mccall,81.44
Betty,Miller,69.49
Vernon,Travis,80.48
Candace,Palmore,73.88
Muriel,Ruano,72.95
Joseph,Newton,110.0
Rebecca,Anderson,76.91
Ashley,Hebert,76.64
Tracy,Brooks,81.31
Dawn,Loomis,92.74
Franklin,Forshey,68.85
Lacey,Miner,75.05
Paul,Battle,65.65
John,Martinez,72.91
Kathleen,Smith,75.34
Harry,Seals,76.29
Opal,Martini,84.22
Katherine,Capps,76.62
Robert,Wong,72.4
Marleen,Weaver,75.28
Tracy,Bankston,81.14
John,Goulet,83.97
Christine,Stinser,78.04
Elena,Colvin,67.13
Thomas,Hetrick,80.09
David,Starks,79.86
Thomas,Sanders,67.54
Larry,Dunn,71.3
Catarina,Moore,78.27
Louie,Wright,67.33
Mark,Booker,86.05
Angela,Diehl,83.09
Patrick,Orourke,72.27
Sarah,Fuston,84.31
Laura,Haskins,90.59
Anthony,Hudson,89.53
Connie,Collins,77.63
Ella,Buczek,86.69
Nancy,Ramsey,63.77
Christopher,Keller,67.48
Liza,Guyton,77.24
Ana,Stancil,86.49
Lenore,Arsenault,84.46
James,Kozak,58.82
Sean,Egan,70.34
Efrain,Slade,81.18
Laura,Mccalla,80.55
Teresa,Yoshina,84.92
Earnestine,Hykes,87.75
Kendra,Calley,84.71
Robert,Wright,79.43
Jamie,Thomson,77.02
Sara,Veyna,66.53
Lori,Hawkins,78.51
Joseph,Blank,75.01
William,Cole,75.5
David,Williamson,83.83
Wayne,Lopez,81.22
Jeanette,Noriega,75.64
Theresa,Enos,88.9
James,Lee,81.32
Brandon,Scott,67.04
Kenneth,Demetro,74.46
Raul,Davis,75.24
Andre,Grady,89.42
Phyllis,Riggio,66.84
Jessica,Briggs,84.96
Wade,Schimke,82.53
Daniel,Mccloskey,78.08
Michael,Kitchens,92.38
Bobby,Martindale,67.69
Mary,Ardoin,86.68
Jill,Swank,81.73
Christopher,Shimizu,77.35
Linda,Pavia,87.79
Bertha,Contreras,94.43
Richard,Zien,82.73
Pedro,Diller,71.6
George,Montgomery,67.93
Ricky,Johnson,79.2
Sandra,Martinez,77.36
Donald,Roland,97.18
Doug,Cassady,63.5
Tony,Pinheiro,85.91
James,Lewis,61.44
Vincent,Lund,76.31
Todd,Hunter,75.26
Kathy,Rufus,82.79
Robert,Preston,78.95
Michael,Thompson,57.23
Margaret,Yoon,72.05
Monica,Cooley,70.61
Gary,Hernandez,77.61
Elizabeth,Lopez,83.19
Daniel,Guice,72.22
John,Smith,57.14
Paul,Charley,73.38
Catalina,Hopper,76.59
John,Rios,87.42
Samantha,Hunt,64.3
Clara,Nguyen,63.88
Charlotte,Christiansen,91.13
Gladys,Sprouse,68.9
John,Coffman,80.72
Elizabeth,Williams,71.82
Tristan,Caver,76.73
Nannie,Workman,70.4
Jennifer,Caldera,67.41
Guadalupe,Parker,82.85
Mary,Shannon,83.36
Dorothy,Rowland,82.69
James,Jones,83.0
Erica,Pereira,92.22
Scott,Roldan,70.8
William,Flint,84.32
Christine,Halbert,69.59
Patsy,Wile,71.57
Maureen,Robertson,68.82
Johnny,Hudson,83.69
Tara,Dargie,66.31
Michael,Jackson,79.42
Richard,Harlow,82.2
Barbara,Dinan,78.2
John,Ballard,77.44
Bryan,Gurley,75.39
Julie,Rodriguez,69.32
Connie,Dacey,71.71
Gerald,Lisonbee,90.54
Alexis,Yi,79.73
Ryan,Mckinney,75.43
Adrienne,Martinez,92.24
Thomas,Price,82.03
Carrie,Cotton,84.61
Mary,Dever,80.21
Agustin,Harris,70.36
Harvey,Lofton,72.98
Kelli,Ruthledge,68.56
Elizabeth,Claassen,82.07
Julian,Fuller,76.87
Louis,Johnson,67.0
Wendy,Anderson,82.63
Kathy,Ledesma,78.45
Priscilla,Parham,72.31
Pedro,Dejesus,88.3
Chester,Chilton,80.45
Ronald,Trimarchi,80.59
Sean,Mccall,70.62
Bridgette,Brooks,92.18
Linda,Stitt,78.38
Derrick,Murray,85.37
Dona,Andrews,69.65
Mary,Johnson,71.54
Joyce,Ray,76.69
Debbie,Scofield,76.21
Julie,Frohman,67.6
Jim,Maddox,75.33
Maria,Jones,79.24
Alan,Jones,83.64
Marian,Nash,81.9
Albert,Weaver,68.59
Maria,Jewell,68.61
Patsy,Smith,79.73
Debra,Cottle,86.68
Larry,Bennett,75.44
Jeanette,Bielinski,71.01
Richard,Lucas,81.36
John,Bugg,88.43
Theodore,Sims,74.26
Alan,Castillo,89.84
Patti,Sumney,84.29
Fannie,Currie,84.11
Marlin,Nelson,88.43
Thomas,Foster,71.62
Richard,Graham,85.99
Mildred,Brockington,79.87
Luis,Whitten,76.81
Conrad,Collins,86.82
Annette,Owens,80.22
Kenneth,Hill,76.74
Carlos,Taylor,76.58
Fred,Mcclain,62.3
Lelia,Brewer,73.28
Dennis,Cornell,66.45
Lamont,Downing,77.62
Dale,Coe,73.19
James,Moore,83.16
Richard,Hunt,79.75
Dana,Culberson,73.55
Joseph,Soler,74.91
Candace,Keenan,75.19
Susan,Maggio,83.1
Leslie,Schmidt,86.48
John,Scott,80.86
William,Lewis,77.83
Martha,Demars,89.43
Bonnie,Hamburger,75.39
Velma,Standley,90.21
Nancy,Carollo,82.28
Evan,Staub,80.83
Rodney,Banks,81.26
Billy,Izzo,82.74
Hilda,Hughes,84.34
Mary,Crowden,86.89
Jose,Davis,86.04
Alison,Mcdonald,64.8
Mary,Junker,71.45
Mario,Freeman,78.74
Christopher,Way,68.73
Thomas,Morin,79.43
Kenneth,Dean,82.55
John,Dustman,77.65
Tiffany,Bradley,84.17
Pauline,Kessler,68.12
Edwin,Stein,70.89
Johnny,Chase,78.47
David,Brunetto,84.5
Sandra,Coleman,67.27
Esther,Northover,92.64
Edward,Woods,81.78
Conrad,Mendoza,86.35
Florence,Farmer,79.52
Charles,Mathis,73.34
Dianne,Cushing,76.87
Rudolf,Becerra,72.75
Richard,Minor,62.5
Mattie,Nattiah,81.42
Alice,Thompson,82.76
Judy,Strain,76.92
Loretta,Lovett,71.01
Todd,Hartley,73.11
Cary,Mills,72.91
Mildred,Williams,75.09
Robert,Ventura,73.74
Martha,Tofil,67.21
Byron,Pooley,74.87
Margaret,Brewer,98.37
Neil,Staggers,61.48
David,Graham,79.59
Steven,Chavis,82.44
Julio,Dooley,74.28
Amy,Spearin,77.19
Kathleen,Knox,64.83
Louis,Wilson,78.11
Amanda,Perrier,80.49
Anna,Hadley,78.56
Kurt,Hong,91.65
Miguel,Figueroa,95.15
Awilda,Koch,79.12
Cynthia,Smith,68.66
Johnny,Roberts,95.87
Edith,Green,77.29
Nancy,Kingsley,89.72
Corrine,Anderson,81.94
Eva,Garrett,76.56
Jacob,Crane,64.23
Ronald,Vanmatre,71.32
Edward,Sinstack,74.83
James,Ramos,80.99
Martha,Stephens,78.94
Jennifer,Carpenter,74.69
Andrew,Sorge,87.03
Ching,Crossman,75.14
Robert,Isenberg,73.32
Charles,Rowley,59.84
Dennis,Stewart,82.72
Ian,Hall,81.11
Keith,Porter,87.24
Mary,Fisher,64.75
Scott,Ryan,77.34
John,Hoeck,70.28
Joseph,Greany,79.86
Carol,Clark,74.35
Keith,Goudy,75.47
Elaine,Garnica,83.86
James,Zhao,74.64
Chase,Nipper,92.39
Margaret,Holley,77.05
Stephen,Martinez,77.77
Sylvia,Buggs,86.92
Douglas,Merrithew,77.15
Andrew,Murray,78.77
Justin,Davis,80.28
Frances,Stephens,63.7
Cyndy,Casey,86.49
Joe,Mckinney,66.68
Lynn,Clark,81.9
Olga,Tomlinson,74.88
Marisa,Fitzhenry,69.79
Jacinta,Dolson,87.55
Daniel,Force,76.09
Roger,Harden,93.74
Maritza,Wells,75.7
Margie,Stanley,81.69
Marion,Hayden,79.7
William,Allen,98.84
Richard,Simon,63.53
Cindy,Kasahara,76.15
Laura,Johnson,83.88
Abraham,Alton,76.18
Sallie,Wake,84.06
Suzanne,Nale,86.32
Margaret,Hurtado,70.91
Shannon,Curry,83.84
Jill,Weeden,79.05
Lynnette,Johnson,83.63
Michael,Hall,97.47
Stuart,Lewis,72.73
Wayne,Wilkins,67.61
Rick,Dozier,76.02
Jessica,Baney,84.3
Brian,Puulei,62.18
Chante,Sides,83.43
Barbara,Gonzalez,87.03
Ronda,Tipton,73.49
Anthony,Searcy,96.95
Alice,Blackburn,88.18
Jose,Williams,72.66
Jack,Mason,87.82
Nadine,Davis,76.37
Dorothy,Dunn,71.1
Larry,Bartberger,74.53
Georgia,Rodriguez,67.87
Bernard,Taylor,86.74
Mark,Clow,70.48
James,Gibson,81.43
Ola,Chappell,75.94
Malcolm,Smith,74.42
Michael,People,93.29
Penny,Bryan,94.01
Linda,Jacques,78.25
Kenneth,Ross,82.67
Fernando,Smith,83.56
Joan,Jones,74.3
Robert,Johnson,86.56
Erica,Shah,78.23
Kathryn,Richter,84.85
Stephen,Chandler,80.31
Paula,Manning,72.2
Charles,Early,95.95
Jesse,Myott,77.64
Nathan,Gately,85.34
Patricia,Parton,82.31
Mark,Philbeck,77.77
Leonard,Caudill,78.11
Richard,Campbell,75.32
Marie,Brooks,71.81
Matthew,Stansberry,87.65
Anton,Robinson,73.64
Stacey,Perez,76.18
Rachel,Diaz,72.58
Bryan,Hill,96.31
Kimberly,Rivera,81.11
Armand,Ayala,77.61
Christie,Rodriguez,80.62
Kaitlyn,Dasher,94.22
Leandro,Lenz,72.69
Brian,Lee,80.81
Judy,Li,79.03
Emily,Williams,70.07
James,Flores,79.76
Leslie,Tolley,75.3
Sally,Ellis,70.6
Jacob,Couture,72.58
Lyndsay,Fuller,68.98
Jennifer,Pereda,71.78
Isabelle,Hayden,65.05
Joseph,Lind,61.78
Harriet,Everett,82.69
Kimberly,Aguilar,93.42
Betty,Dagan,93.7
Augustus,Walker,73.48
Van,Ashman,78.72
Ida,Sterback,95.11
Dawn,Howard,82.33
Dana,Hardee,77.19
Bob,Arias,94.51
Lisa,Porter,82.37
Marilyn,Smith,75.6
Kenneth,Gill,73.58
Charles,Davis,70.05
Jeffrey,Stephens,81.32
Jessie,Lewis,83.93
Mandy,Lapinsky,70.68
David,Spillman,70.21
Sarah,Kendrick,72.86
Mathew,May,76.6
Shaunta,Mcinnis,95.06
Dale,Saunders,86.95
Jeremy,Williams,84.85
Sammy,Hemmings,74.73
Susan,Harrelson,98.7
Christopher,Cook,82.36
Jackie,Padilla,79.28
Ryan,Jones,77.61
Judith,Sanchez,74.1
James,Joiner,76.17
Blair,Villa,68.9
John,Valentino,77.79
Gary,Hernandez,72.12
Yolanda,Archuleta,73.36
Joshua,Bayard,87.97
Jolene,Packard,84.75
William,Carter,73.35
Shelley,Wright,80.39
Steven,Salter,81.83
Ryan,Thompson,72.54
James,Eddy,74.67
Jordan,Heaton,94.19
Karla,Amey,75.16
Carolyn,Dotson,81.57
Troy,Bush,67.6
Deanna,Williams,70.11
David,Vallejo,82.13
Robert,Hughes,66.03
Mark,Mckay,75.38
Lottie,Pinkney,91.78
Aldo,Williams,72.82
Arthur,Machak,70.77
James,Parr,86.58
Claude,Guy,88.18
Christina,Jackson,67.47
Ruby,Cotten,78.8
Deborah,Jenkins,71.79
Stephen,Rosemond,81.3
Allen,Osborne,72.57
Chad,Evans,76.69
Louis,Graeser,87.99
Louis,Boykins,72.5
Melissa,Nii,80.77
Andrew,Douglas,88.16
Cynthia,Driscoll,79.71
Zoraida,Menges,84.7
Irene,Rich,68.18
Brian,Doody,71.82
Jeffrey,Wilson,77.78
Billy,Case,98.23
Mike,White,75.84
Cynthia,Burris,73.12
Donna,Human,84.59
Ernest,Wilson,77.26
Leona,Reed,60.3
Brendan,Lucas,81.55
Rebecca,Trajillo,95.11
Evie,Jones,74.76
Brian,Rodriguez,77.85
Diane,Beard,62.75
Rodney,Kilgore,72.71
Christopher,Hunt,94.1
Tracy,Murray,68.82
Susan,Rowe,82.08
Mayra,Reidinger,88.47
Arthur,Glover,62.18
Mark,Binion,86.02
Michael,Ward,95.95
Lionel,Larios,84.23
Bobby,Lostroh,61.89
Sylvia,Yeargin,76.23
William,Luallen,78.98
Larry,Clifford,72.22
Terry,Foster,71.64
Peter,White,70.47
Beverly,Lopez,73.62
Michael,Wyatt,76.04
Michael,Blazer,68.34
Calvin,Sipes,87.6
Patricia,Laroche,76.44
Louis,Happenny,72.04
Corrin,Long,65.61
Ismael,Howard,56.6
Roy,Pereyda,62.3
Chad,Kirby,74.91
Kimberly,Land,66.76
Brian,Williams,81.27
Mandy,Mitchell,74.58
Alice,Shoemaker,73.22
Bernice,Broun,80.44
James,Fraser,84.21
Mildred,Mcdonald,71.31
James,Orourke,76.05
Joseph,Deloach,81.57
Steven,Mcgrath,79.47
Mark,Willick,97.14
Ryan,Nguyen,68.23
Portia,Hurtubise,76.6
Darlene,Love,71.18
Tim,Pharr,74.35
Mark,Millard,70.7
James,Chamberlain,93.8
Jennifer,Flowers,82.69
Ken,Henry,84.38
Donna,Giles,72.86
Catherine,Morris,69.76
Evelyn,Clem,74.75
Vicky,Gonzalez,89.03
Terry,Richardson,89.42
Darlene,Bowser,91.29
Samuel,Guzman,70.76
June,Cotten,92.84
Greg,Silverman,77.48
Nicholas,Jackson,74.11
Judith,Harrison,83.23
Justin,Leroy,72.33
George,Owen,83.0
Angel,Seth,72.37
Melissa,Urban,94.08
Sarah,Peer,64.22
Gwendolyn,Lorenz,81.76
David,Gilbert,84.09
Dennis,Hester,71.69
Melanie,Deen,89.77
Helen,Kasack,73.31
Charles,Murphy,74.63
George,Lopez,81.47
Paul,Boutin,62.48
Maria,Tyson,79.18
Mary,Robinson,74.35
Linda,Evans,85.52
William,Grieb,73.98
Jeannette,Knight,88.32
James,Perez,68.16
Lucille,Singh,75.95
Lisha,Santos,89.88
Frankie,Frediani,63.53
George,Johnson,89.77
Andrew,Bozeman,71.21
Pamela,Rogers,72.91
Eileen,Solano,69.66
Doris,Nittler,76.99
David,Jones,70.64
Gary,Bales,81.68
Daniel,Bost,85.68
Penny,Witte,64.79
George,Ellis,65.38
Shelia,Sainz,71.66
Abraham,Chaffin,78.22
Virginia,Johnson,77.48
Melissa,Gould,86.43
Jefferson,Sturgeon,81.37
Tony,Hernandez,72.39
Kent,Rosenthal,75.61
John,Breland,78.27
Maria,Bennett,90.99
Nina,Williams,85.93
Franklin,Holman,78.01
Jessica,Gaona,78.01
John,Nielsen,66.64
Elise,Guthrie,71.58
Barbara,Bertrand,73.3
James,Brogan,72.23
Tony,Kolasinski,66.02
Elizabeth,Benson,63.32
Milton,Plackett,82.4
Scott,Charles,85.42
Joseph,Cross,91.1
Lynne,Young,79.14
Willie,Brinson,81.55
Ruth,Hall,79.26
Bryan,Smith,73.04
Ruth,Taranto,82.25
Lillian,Morgan,87.07
Glenna,Truong,83.7
Michelle,Bartz,82.11
Arthur,Grier,70.35
Joseph,Flynn,70.66
Alexander,Hartsock,68.48
Emily,Taylor,82.37
Donna,Schubert,77.69
Connie,Chapin,82.35
Richard,Quirk,77.24
Melissa,Guidi,73.54
Maxie,Lund,94.53
Michael,Blackwelder,68.06
Molly,Lamar,79.57
Douglas,Ortiz,65.45
Audrey,Monahan,83.09
Richard,Thompson,77.45
Charlene,Paterson,70.33
Teresa,Weiss,80.09
Troy,Hill,80.61
Helen,Scheel,76.97
Tammy,Dreher,68.82
Anthony,Okeefe,80.11
Michael,Lewis,83.53
Thomas,Bagshaw,71.85
Victor,Ward,84.55
Donna,Mitchell,84.18
Grace,Bailey,83.92
Nita,Wentworth,87.88
Shenita,Henderson,86.85
Charles,Heatherly,78.29
James,Herrara,81.74
Janice,Lampley,74.82
Philip,Kinney,66.71
Caroline,Chambless,74.46
Betty,Murphy,58.88
Emily,Elwood,67.79
Doris,Champion,78.55
Ellen,Groomes,92.98
Joseph,Tennant,89.9
Michelle,Jackson,79.56
Donna,Delisle,68.28
James,Michell,63.92
Marion,Hernandez,75.4
Jennifer,Brown,82.55
Linda,Alexander,83.08
Ashley,Clark,89.13
James,Andreason,82.81
Shelly,Honaker,67.64
Patrick,Peck,71.92
James,Dicken,77.87
Kevin,Munoz,83.52
Richard,Leblanc,80.65
Roderick,Calderon,58.67
Joanna,Torres,72.01
Rebecca,David,86.78
Ralph,Dionne,85.46
Martin,Manning,83.04
David,Westra,84.46
Laura,Prokop,90.0
Curtis,Rivera,86.26
Carolyn,Earnest,71.55
Douglas,Bender,70.41
Barbara,Robinson,83.83
Laurel,Buchanan,91.3
Agnes,Barnes,68.32
Lisa,Chisolm,76.67
Shaquana,Ho,73.23
Vicki,Elkins,67.47
Pamela,Rubio,86.96
Christopher,Mack,80.04
Myron,Sanders,68.74
Sung,Morely,74.58
Maritza,Fast,82.56
Kimberly,Weeks,80.3
Suzette,Sanders,83.73
Juanita,Robertson,64.27
Virginia,Young,71.88
Brian,Chen,67.9
Constance,Smith,63.83
Jimmie,Bruhn,88.76
Charles,Williams,76.3
Martha,Ned,84.81
Nicholas,Weatherspoon,87.15
Joshua,White,84.33
Sadie,Barks,77.97
Eloisa,Holliday,84.4
Maggie,Littlejohn,64.59
Rita,Bussell,68.43
Susan,Guffey,79.57
Virgil,Galbraith,69.75
Juanita,Rosato,72.25
Margarita,Kimmons,69.2
Michael,Walter,79.06
William,Mariano,82.18
Elma,Hogan,89.55
Velma,Kerce,84.59
Steven,Cole,81.74
Caleb,Knight,80.04
Brian,Jack,77.82
Wendy,Gardiner,74.4
Patricia,White,77.27
Deborah,Jones,76.9
Aaron,Glasscock,87.52
David,Fowler,88.71
Kelly,Lee,84.06
Mamie,Garcia,93.45
Ruben,Vineyard,71.37
Alfredo,Elliott,87.41
Jennifer,Valone,87.9
Bernice,Bond,93.29
Michael,Donaldson,74.98
Marshall,Mack,81.95
Spencer,Miller,84.72
Shelba,Sieber,78.93
Chad,Ewalt,80.91
Scott,Fitch,80.24
Flossie,Walker,55.52
Pamela,Thomas,75.05
Eddy,Perry,84.68
Joshua,Dowdy,73.56
Lillian,Hanlon,75.63
Tommie,Giles,83.07
Russell,Corkill,80.8
Lavenia,Santos,82.64
George,Carollo,81.25
Mandy,Shook,71.37
Rosemary,Cardenas,68.82
Shawna,Xiong,87.78
Walter,Holmes,93.95
Geneva,Dannels,80.03
Susan,Greer,77.31
Frederick,Lee,80.56
Michael,Simmons,84.26
Morris,Lombard,79.62
Doris,Martin,85.31
Gayle,Fountain,65.1
Tina,Cruz,71.6
Stacey,Hapke,77.99
Stephen,Allen,78.01
Sharon,Grant,81.32
Kimberly,Arnold,73.91
Regina,Arehart,81.51
Ann,Williams,95.63
Stephen,Joyner,67.38
Madelene,Ramirez,82.15
Frieda,Williams,74.77
Arthur,Dukes,80.48
Cora,Darden,79.94
Tobi,Funkhouser,68.9
Barbara,Walters,74.29
Arthur,Sinkfield,85.06
Barry,Barner,87.84
Pilar,Daner,64.53
Maria,Anthony,85.14
Agnes,Crawford,82.34
Margaret,Thaxton,84.44
Raymond,Fuller,93.94
Leslie,Grimm,71.97
Felix,Pena,70.67
John,Miller,72.96
Timothy,Bartsch,75.62
Virgil,Brandon,83.14
Barbara,Walker,76.17
Nickolas,Gray,75.8
Kay,Wilson,85.99
Brian,Stellhorn,83.08
Patricia,Windley,74.44
Kathy,Evens,77.66
Joe,Tarleton,91.15
Dale,Taylor,78.41
Amber,Frizzell,79.36
Lucille,Maguire,52.87
Melody,Daley,74.61
Ralph,Murphy,86.61
Arlene,Sanchez,75.65
Clifton,Paredes,70.96
Wayne,Alberry,80.75
Victor,Borchardt,69.36
Lorraine,Avery,71.46
Benjamin,Rosales,75.03
James,Hawes,87.36
Chris,Sandoval,81.92
Lisa,Bell,89.98
Derrick,Arender,77.63
Hector,Lee,78.66
India,Rynearson,74.4
James,Kennamore,69.72
Rose,Ariza,75.2
Sherman,Williams,79.0
Charles,Mcgrady,66.98
Lindsay,Kestner,81.95
Leroy,Higgins,84.58
Hector,Aldrete,54.37
Brett,Rosser,75.83
Johnny,Beltran,77.21
Joan,Weber,76.29
Elizbeth,Knowlton,75.1
Billy,Rodriguez,80.38
Robert,Leblanc,82.15
David,Kesterson,85.62
Afton,Earhart,64.83
Gregory,Rogers,92.8
Anthony,Adams,82.04
Mary,Price,78.47
Sheena,Blount,75.94
Donald,Hanson,76.32
Melinda,Ny,80.68
Aaron,Reid,71.26
Cynthia,Sikorski,94.89
Doris,Murphy,67.34
Brian,Mittendorf,71.97
Ronald,Pickering,99.15
Paul,Throckmorton,74.72
Frances,Minick,70.25
Nancy,Hurley,80.9
Jeffrey,Stedman,92.51
Caroline,Walker,74.42
Elwood,Hoover,72.63
Howard,Merrow,75.9
Leslie,Wright,90.92
Natasha,Toodle,69.5
Alfred,Drinkwater,86.63
Henry,Jordon,80.66
Jason,Klein,72.78
David,Mcalpin,91.61
Jeremy,Treadwell,91.93
Kenneth,Montgomery,85.74
Kraig,Herring,71.3
Jill,Mcneely,78.93
Sharon,Chiariello,72.2
Gina,Bush,70.8
Frank,Norris,75.21
Mario,Bridges,86.18
Cheryl,Cefalu,79.3
Tammi,Culver,77.57
Larry,Allison,70.1
George,Cunningham,79.24
Louise,Primus,78.47
Maggie,Arce,67.97
Brandon,Red,78.46
John,Bartels,77.4
Douglas,Rayborn,90.96
Billie,Small,78.32
Sonya,Pendley,85.4
Sarah,Blansett,75.71
Amanda,Richeson,92.21
Rose,Robinson,83.81
Luke,Wong,86.34
Wade,Maultsby,82.34
Kathi,Seymour,83.43
Monica,Orio,66.19
Nancy,Ortega,83.92
Joanne,Oullette,76.34
Julius,Craig,79.6
Earl,Jimenez,96.21
Geraldine,Cartier,90.36
Jeffrey,Christian,77.67
Sandra,Callahan,68.89
Monica,Savage,81.51
Philip,Sanford,83.34
Mary,Piper,88.84
Colleen,Carlin,69.4
Consuelo,Jones,82.59
Yvette,Pool,76.16
Eric,Crump,68.25
Grace,Bouchard,93.45
Brian,Marchese,73.14
Jennifer,Willis,71.58
Scott,Stafford,64.69
Tyrone,Gross,86.09
Loyd,Okon,86.39
Richard,Vansice,93.81
Kristen,Smith,77.16
Jessie,Ma,87.19
Lisa,Moreno,58.28
Brandy,Burlingame,91.3
Sarah,Page,81.59
Michael,Martin,80.06
Alex,Swanson,82.19
Misty,Lee,65.19
Manuel,Jalbert,70.75
Eryn,Routhier,76.41
Phyllis,Rhyner,62.12
Cassandra,Cortez,75.6
Debra,Kanas,66.78
Lillian,Southward,75.34
Matilda,Christy,75.3
Sara,Huber,81.31
Janis,Samuel,87.66
Daryl,Mertes,77.23
Justin,Mcwilliams,88.17
Jerry,Ober,80.19
Cecelia,Elliott,91.99
Dennis,Johnson,72.88
Gloria,Banks,67.95
Judy,Davis,76.93
Kenneth,Pickle,61.02
Tanya,Curley,78.96
Donald,Burt,91.51
John,Bourgeois,72.97
Joseph,Perez,78.71
Karen,Caffey,81.2
Kevin,Butler,85.84
Joanne,Ackerman,73.57
Dawn,Moon,86.26
Leslie,Hulsey,79.88
Alma,Brophy,79.85
Kristin,Gannon,87.92
Michael,Link,85.2
Jason,Ward,88.93
Helen,Campbell,75.95
Dorothy,Ohlson,77.15
William,Jones,79.18
George,Williams,90.87
Natasha,Egan,79.93
Brenda,Washington,91.3
Nathan,Muniz,70.16
Beverly,Foster,77.61
Jan,Blake,85.37
Joseph,Hudock,72.3
Donald,Clark,89.03
Phyllis,Riley,81.71
Josephine,Scurry,75.07
Theresa,Trimble,78.87
Iris,Poch,75.05
Billie,Toma,76.13
Joseph,Osborne,65.6
Hazel,Robinson,71.15
Ethel,Feldman,73.75
Clay,Lombardi,88.21
Willie,Hardy,70.83
Jordan,Wallace,87.27
Catherine,Barber,83.36
Faye,Forehand,82.51
Sharon,Martin,81.39
Susie,Robbins,77.45
Thomas,Salinas,79.06
Ramona,Armstrong,69.21
Steve,Thomas,77.11
Willie,Wallen,74.35
Tracey,Hicks,75.19
John,Delatrinidad,67.54
Andrew,Clements,81.12
Pamela,Meador,76.2
James,Micucci,81.06
Tony,Hambrick,77.67
Francis,Grissom,73.62
Gloria,Webb,73.64
June,Charles,76.84
Sulema,Bradley,97.88
David,Havens,59.31
David,Schultz,82.72
Frances,Weaver,65.34
Richard,Figueroa,83.39
Lana,Smith,83.41
Andy,Russell,80.04
Brian,Sutter,72.12
Lauri,Archila,88.19
Mathew,Lymon,68.85
Franklin,Loock,71.65
James,Tiffin,91.69
Fred,Biggs,72.02
Cassie,Mcguire,86.32
Susan,Budde,85.09
Helen,Lankford,63.03
Ronald,Covington,79.22
Charles,Sowa,78.58
Gloria,Sigler,74.35
Edward,Cooper,55.39
Domingo,Brewer,64.77
Barbara,Knox,72.5
Nancy,Munoz,83.46
Mollie,Williams,71.84
Jake,Brooks,82.12
Emily,Raney,63.59
Robert,Tune,74.87
Jean,Williams,82.72
Casandra,Poston,78.48
Frank,Mcandrew,79.87
Ernesto,Moyer,89.62
Florine,Adams,73.86
Melinda,Epperson,80.32
Bruce,Folk,75.13
Brandon,Walker,73.36
Samuel,Gibson,77.93
Mark,Nettles,76.8
Andrea,Roys,77.8
Harvey,Myrick,80.19
Abigail,Herzberger,83.64
David,Hill,71.42
James,Glick,75.45
Raymond,Rollo,71.09
Michael,Hanson,60.18
Ruby,Perrin,83.2
Philip,Mccullough,77.23
Eric,Lira,82.36
James,Jack,83.79
Brianne,Newton,72.24
David,Ward,77.75
Fern,Lewis,85.85
Edward,Roberts,73.61
Candy,Krauss,87.88
Cheryl,Matthews,70.54
Sadie,Jones,85.65
Marion,Wisniewski,84.55
Robert,Jackson,74.98
Conrad,Parker,83.79
Tim,Wogan,88.22
Chris,Harris,85.54
Carl,Noel,70.44
Troy,Russell,78.97
Alex,Owen,73.92
Anthony,Hartsook,78.12
Shelly,Haley,78.21
Patricia,Edwards,65.49
Patrick,Worley,82.31
Derrick,Dixon,81.94
Sadie,Golz,74.23
Keith,Huddleston,77.69
Daryl,Biggs,77.36
Karen,Foley,76.7
Jorge,Williams,85.42
Monica,Valley,78.04
Carl,Heuschkel,75.17
Travis,Shellenbarger,70.93
Irma,Bradshaw,93.07
Judy,Nickerson,67.72
Evelyn,Swanson,73.23
Clay,West,89.29
Charles,Tussey,74.97
Norman,Chang,78.89
Karen,Ruffin,80.33
Jim,Canterbury,90.3
Gina,Steward,80.98
Elsie,Carroll,79.22
Robert,Baker,85.53
Karen,North,82.04
Donna,Lostroh,85.72
Alex,Huff,72.59
Kelly,Boxer,80.42
Veronica,Diaz,67.45
Albert,Miles,69.69
Justin,Rogers,84.96
Robert,Taylor,80.94
Stephen,Shoemaker,70.08
John,Abercrombie,55.99
Cathy,Robinson,76.88
Vivian,Simmons,71.56
Louis,Hayes,83.51
Jaime,Burns,85.59
Craig,Gould,80.07
Jason,Lewis,75.05
Glen,Mccray,78.44
William,Mcintyre,71.62
Randy,Walker,94.31
Stefanie,Craig,79.53
Constance,Delacerda,73.21
Sonia,Goris,73.87
Curtis,Riddick,83.85
Connie,Cole,72.0
Dorothy,Gallegos,84.31
Kim,Hensley,85.57
Yolanda,Dismukes,82.74
Elizabeth,Gilligan,65.99
Patricia,Colosimo,81.91
Ernestine,Kibler,77.53
Shirley,Hill,78.69
Marlene,Conway,74.78
Charlotte,Garner,76.65
Jose,Jones,88.67
Leslie,Sommers,74.43
Walter,Keifer,83.34
James,Brund,82.46
Raymond,Herring,82.11
Tommy,Lloyd,69.82
Marion,Schwart,69.39
Gloria,Martin,82.68
James,Lafferty,88.66
Joey,Maciejewski,77.88
Jeffrey,Haugen,82.95
Helen,Kahl,64.98
Ken,Garcia,63.46
Sandy,Lewis,77.27
Susan,Ramirez,75.51
Warren,Wilkes,73.48
Mary,Rimmer,81.61
Mary,Laso,71.73
Herbert,Davis,70.99
Carmen,Smith,70.72
Helen,Carr,78.36
Soraya,Taub,64.14
Julie,Garis,69.98
Stanley,Davis,68.52
Jack,Scott,84.48
Martha,Baker,78.96
Jennifer,Cole,65.85
Edwardo,Jensen,73.2
Robert,Caldwell,82.61
Ching,Wilson,68.62
Geraldine,Ely,73.25
Diana,Adams,77.99
Agnes,Hartley,83.75
Richard,Beard,84.42
Margaret,Boyd,75.98
Lindsay,Taylor,72.86
Dora,Tweedie,96.09
Nicole,Rennemeyer,70.64
Stacy,Mcbride,78.12
Andrew,Williams,69.37
Julie,Palumbo,67.4
Dana,Pangallo,74.48
Georgia,Smith,90.0
Sandra,Kelm,76.62
Mason,Morales,88.25
Ruth,Miller,86.5
Roger,Whittenburg,72.96
John,Lawson,75.96
Joshua,Alexander,72.21
Christina,Aikens,74.84
Alena,Lepage,74.27
Nathaniel,Schmidt,70.02
Stephanie,Porter,71.1
Glenn,Bright,82.42
Taylor,Fletcher,73.95
John,Martini,66.77
Arthur,Markarian,91.77
Casandra,Barnes,78.16
Harold,Tippetts,74.05
Jane,Sellner,86.61
Donna,Armendariz,79.79
George,Rubottom,81.15
Robert,Kemerer,74.82
Vincent,Chen,74.11
Robert,Thurgood,63.74
Melissa,Emerson,69.77
James,Wilson,69.52
Christopher,Danielson,64.0
Chantel,Hutchinson,81.63
Timothy,Lozano,82.74
James,Mcmillan,76.75
Edward,Baltimore,84.34
Terence,Lopez,85.25
Mark,Adam,65.01
Laura,Siskin,73.16
Kevin,Spencer,81.38
Dewayne,Frost,61.49
Tuan,Leblanc,86.54
Kenneth,Allen,82.36
Virgie,Gentry,75.44
Tina,Oliver,84.31
Estella,Wong,70.34
Robert,Kennedy,81.61
Robert,Welch,82.6
Willard,Schaefer,73.87
Billy,Haley,67.72
Brian,Inks,77.3
Shelia,Hall,79.33
Malcolm,Thiel,82.31
Roberto,Keen,70.94
John,Levitsky,78.69
Anthony,Lopez,76.17
Mary,Kline,68.05
Charles,Fisher,81.94
Kimberly,Gream,86.37
Trinidad,Baptist,75.32
Craig,Shaw,91.42
Victor,Hamson,82.43
Olga,Batiste,76.71
Ben,Green,75.24
Tina,Marks,85.95
Christopher,Galvan,68.65
Charles,Stephenson,77.24
John,Pagan,87.15
Lois,Rowley,81.44
David,Keller,77.6
Bernard,Morabito,85.04
Robert,Morin,69.8
Tara,Scott,71.39
Edna,Doyle,88.94
Jayna,Garner,84.72
Eddie,Travis,69.03
Karen,Michaels,66.71
Darren,Nunley,82.76
Laura,Ruth,77.21
Paul,Seibert,72.64
Angela,Blackford,79.29
Dawn,Rodriguez,87.47
Maria,Council,76.8
Larry,Gorham,86.26
Betty,Hunt,78.81
Suzanna,Dandy,84.01
Joseph,Hackworth,76.73
John,Raines,90.31
Victoria,Ackley,79.98
Timothy,Coss,79.69
Josephine,Jones,73.96
Patricia,Lerner,92.05
David,Jefferson,75.46
Marcie,Shattuck,69.25
Benjamin,Thomas,90.31
Mark,Branch,82.14
Jose,Summerlin,75.64
Richard,Castro,73.1
Lloyd,Heller,86.7
Edward,Walters,80.31
Stanley,Diana,71.02
Richard,Nielsen,77.38
Glenda,Call,59.2
Marco,Stewart,86.77
Marvin,Herndon,82.17
Carl,Smith,75.99
Ricardo,Hannah,74.99
Emma,Elliott,74.81
Tiffany,Allen,77.26
Earl,Svec,76.92
Alix,Holly,80.91
Antonia,Garcia,89.1
Felix,Smith,76.42
Angel,Potter,75.44
Joann,Reed,79.98
Linda,Mulherin,86.01
Donna,Crowell,71.96
Marion,Doe,80.38
Christopher,Feldt,70.22
Paula,Seedorf,78.55
Johnny,Ashford,72.8
Jessica,Long,84.54
Bradley,Sessoms,73.17
Michael,Guyette,85.23
Lula,Jefferson,73.4
Carlton,Flores,70.34
Marianna,Bonner,73.15
Katherine,Canales,78.56
Celesta,Montes,86.03
Phuong,Minjarez,85.4
Silvia,Child,85.12
David,Mesiti,84.99
Russ,Wynn,66.05
David,Urquhart,62.88
Ralph,Thomas,86.68
Rae,Lujan,75.39
Gerald,Reeves,85.76
Charles,Brown,79.23
Michael,Rojas,71.09
Gloria,Burrell,82.37
Donna,Winkler,78.69
Joseph,Munsey,72.87
Flossie,Cianchetti,69.65
Elaine,Hopfensperger,76.9
Ronald,Wyatt,60.31
Tommie,Trimble,92.44
Aaron,Vanleer,84.03
Robert,Matthews,81.6
Sally,Mills,75.71
Olivia,Reaid,84.01
Charles,Carvajal,76.3
Julian,Yeldell,81.32
Amy,Blue,58.84
Kari,Szerszen,84.57
William,Brown,79.16
Agnus,Real,77.76
Charles,Sanchez,80.56
Mary,Hanner,80.68
Mario,Gardner,88.88
David,Johnson,56.0
Lester,Thompson,66.98
Josephine,Marble,78.39
Ryan,Rawlinson,87.79
Daryl,Honeycutt,77.31
Maria,Hackney,77.53
Francis,Moree,82.15
Connie,Gray,80.17
Heather,Sledge,69.07
Jason,Kotson,64.55
Nancy,Meadows,94.48
Geraldine,Sinstack,89.96
Molly,Cassella,76.71
Ronnie,Dawes,77.82
Teresa,Curry,75.4
Sandra,Smith,85.56
Cheryl,Emerson,65.83
Bruce,Woosley,76.48
Ronald,Mckesson,90.43
Betty,Rose,63.29
Arthur,Lundy,75.44
Phillip,Criddle,80.04
Karmen,Deleon,82.94
Jennifer,Cross,76.58
Jack,Gunn,75.84
Andrew,Warren,69.33
Theresa,Smith,77.95
Cindy,Watts,74.43
Scott,Covington,76.41
Timothy,Cole,72.57
Carole,Nava,84.25
David,Gann,70.73
Karen,Perreira,103.62
Giselle,Ouye,76.73
Tracy,Blue,77.92
Elwood,Thompson,67.24
Lisa,Harry,66.89
Carol,Verch,81.18
Johnathan,Estes,73.13
Patricia,Felder,78.31
Valrie,Gateley,89.12
Irene,Dill,79.81
Paul,Lemons,75.15
Lorene,Bynum,78.14
Steven,Villa,87.52
Michael,Norman,78.53
Margo,Holt,73.85
Allen,Berry,83.25
Alex,Fenton,74.67
Susan,Crisp,80.86
John,Henkes,58.28
Otis,Rodriguez,74.56
Michael,Lazarus,81.93
Bill,Scaglione,78.98
Bernice,Rush,74.93
Patricia,Morrell,76.51
Henry,Bond,62.6
Erik,Mccarthy,82.69
Jean,Thompson,63.99
Dessie,James,77.68
Monroe,Skinner,93.06
Annette,Beers,86.76
Lillie,Richardson,82.3
Ella,Prescott,72.05
Gavin,Sattler,75.71
Marc,Evans,79.21
Thomas,Klinger,60.09
Tommy,Neller,89.75
Jeremy,Harre,79.34
Martin,Levy,72.93
Robert,Martinez,64.32
Gary,Cole,75.98
Alton,Hirt,75.19
Alexis,Trejo,69.8
Christine,Gardiner,87.79
Zelma,Lucas,70.96
Hubert,Scott,82.38
Bradley,Spencer,80.92
Dennis,Pate,79.91
Daine,Williams,73.89
Rene,Rodriguez,79.89
John,Coleman,75.01
Charles,Boyce,88.87
Nicholas,Sanders,71.28
Leigh,Kendall,69.92
Fern,Patel,62.25
Inez,Krause,76.52
John,Price,75.45
Willie,Malloy,77.94
John,Hise,77.43
Debra,Chapman,89.54
Danny,Gaskill,78.23
Billy,Iddings,68.08
Randall,Crum,79.76
Dorothy,Steere,77.12
Michael,Chastain,88.7
Debra,Ruiz,79.17
Jon,Langley,97.69
Kimberly,Mueller,72.14
Herbert,Harris,78.83
Courtney,Glover,75.39
Karen,Daniel,98.42
Julie,Adams,89.08
Mark,Stinson,80.82
Mark,Ralston,86.69
Donald,Cooper,79.1
Katharine,Lackey,69.3
Craig,Merritt,88.0
Annie,Robinson,72.48
Hassan,Grundhoefer,60.28
Billy,Naranjo,81.74
Robert,Goupil,81.43
Robin,Gardner,79.44
Linda,Stewart,77.83
Robert,Sylla,73.49
Amie,Ruggiero,82.96
Jerry,Hickmon,77.18
Sharleen,Riggs,79.46
Jennifer,Melton,74.42
Brian,Martin,72.85
Anthony,Debonis,79.58
Scott,Gonzalez,74.32
Anita,Jack,62.85
Derrick,Nims,78.96
Chantal,Robinson,70.75
Frank,Sroka,77.74
Michael,Medeiros,72.61
David,Traino,67.12
Sarah,Snyder,73.07
Mary,Davies,78.75
Timothy,Murphey,79.89
Anita,Slaugh,87.59
Joseph,Mayo,80.09
Sandra,Gaylord,77.04
Matthew,Blalock,74.77
Janet,Heck,77.24
Brad,Dailey,73.32
Penny,Smith,86.08
Sharon,Carter,80.77
Joan,Albrecht,93.3
Rebeca,Jackson,92.45
Michael,Ashley,87.55
Enrique,Neagle,92.04
Oscar,Picciano,83.13
Peggy,Wise,77.78
Stuart,Benningfield,76.07
Maria,Beeler,82.73
Kathleen,Grimes,76.95
Juan,Pasley,79.79
Kathy,Garcia,79.02
Anna,Gulledge,66.91
Carolyn,Moreno,83.37
Keeley,Emerick,94.96
Neva,Bruton,83.99
Gerald,Kennedy,76.01
Dana,Warren,68.71
Debra,Hudek,83.23
Rodney,Hawks,63.75
Anthony,Mobley,83.39
Curtis,Jackson,73.5
Kevin,Cox,85.1
Cicely,Menke,71.04
Stephanie,Edwards,81.12
Priscilla,Whetstone,70.83
Charmaine,Kelly,85.01
Stacey,Kramp,81.64
Victor,Gausman,71.83
James,Tipton,74.72
Margaret,Osmer,80.01
Kyle,Henderson,82.56
Laurie,Muzzy,92.59
Emily,Shultz,67.28
April,Davis,68.02
Ruth,Garcia,77.96
George,Perry,84.13
Johnny,Rivera,71.02
Eric,Madsen,76.3
Jerry,Green,70.77
Mose,Holm,75.74
Billy,Clifton,94.43
Everett,Voit,84.42
Harriet,Missey,75.61
Damion,Mcmillan,64.75
Frank,Johnson,81.6
Ricky,Estrada,82.82
Joe,Bailie,90.76
Raymond,Jaworski,85.25
Patti,Martin,69.66
Steven,Fite,80.6
Helen,Kazee,63.99
Marisol,Marineau,69.45
Jeffrey,Parker,78.36
Samuel,Dennison,70.79
Brian,Sowers,75.23
Kevin,Obrien,79.49
Mary,Wagner,80.96
Maria,Gutkowski,81.28
Rebecca,Fine,77.26
Christa,Bohnet,80.85
Eleanor,Griffin,93.36
Mark,Debellis,81.94
Guillermo,Borrego,71.58
Jennifer,Black,65.05
Lloyd,Matinez,79.92
Mary,Thompson,83.95
Susan,Butler,80.7
Bradley,Eckhardt,81.87
Lloyd,Fay,72.47
Gary,Grant,78.93
Anthony,King,80.36
Katie,Gannaway,70.44
Gregory,Holt,60.1
Gracie,Robinson,72.31
Debra,Seyer,85.76
Gloria,Hixson,79.44
Jeffrey,Mobley,65.46
Ambrose,Perez,82.0
Kenneth,Thomas,78.98
Pattie,Flores,79.5
James,Labbie,74.41
Cheryl,Williams,74.78
Merlin,Blackman,66.83
Bethany,Mitchell,86.75
John,Truitt,76.85
Dennis,Eilers,72.46
Michael,Himes,81.26
Kara,Cupps,73.59
Carl,Smith,77.38
Michael,Rosas,82.04
Patricia,Wheat,86.04
Celia,Hauptman,79.34
Virginia,Jones,72.53
Loren,Grant,85.07
Chad,Powers,85.95
Carol,Charles,77.65
Charles,Lacy,81.71
Russell,Brown,73.86
Marilyn,Harris,80.26
Brenda,Lee,84.05
Gabriel,Smith,87.63
Dana,Clark,65.06
Hugo,Strange,70.98
Tanya,Johnson,88.54
Nigel,Przybylski,77.06
Monique,Spurgeon,96.15
Sandra,Sinclair,71.07
Leonardo,Whitfield,76.11
Miriam,Gagne,83.74
Thomas,Kessler,92.83
Gregory,Forsberg,78.39
Dorothea,Jones,74.94
Eva,Huggins,89.54
Paul,Taylor,76.09
James,Rochelle,79.44
Ashley,Thompson,78.89
Vallie,Basquez,66.24
Blanche,Roy,77.8
Janet,Scott,73.44
Carl,Spates,88.13
Luanne,Bryant,77.79
Jake,Kirk,86.27
Paula,Hart,79.4
Jacqueline,Greenway,96.03
Melanie,Rogers,76.26
David,Ploss,70.79
Darryl,Rogers,68.71
Marie,Swinford,91.38
Sara,Rowold,65.49
Janice,Wendt,70.92
Reynaldo,Rode,82.11
Jessica,Grabau,85.87
Jacob,Chavez,80.8
Genevieve,Medina,72.29
Shannon,Williams,93.44
Suzanne,Amato,77.61
Mary,Rosales,66.65
Lael,Ennis,90.74
Martha,Barber,80.29
Grace,Byers,91.9
Carol,Brouillard,74.91
Vickie,Bellocchio,68.85
Aaron,Coughlin,77.85
Patricia,Kirtley,74.54
Rod,Gardner,82.28
Robert,Robarge,85.17
Melissa,Gann,83.27
Andrea,Gomez,80.5
Robert,Ramos,64.27
Ivan,Miner,73.59
Rob,Phillips,69.74
Cindy,Joseph,87.67
Tara,Banks,76.65
Jane,Westervelt,85.03
Fritz,Jones,75.12
Chad,Harvey,73.96
Michael,Woodrum,85.05
Joseph,Johnson,70.18
Kathy,Kellstrom,81.27
Keith,Bryant,67.51
Robert,Coard,73.72
Evelyn,Partridge,84.26
Ruth,Byrd,61.94
Marvin,Pullen,72.65
Justin,Skinner,91.84
Adrian,Keifer,69.35
Michael,Willoughby,69.13
Joyce,Burnett,64.36
Josephine,Gussler,80.85
Ruth,Judkins,76.33
Christina,Clay,66.72
Hazel,Sabella,66.33
Kelly,Jones,86.91
Mary,Maser,80.82
Jerry,Reyes,66.2
Richard,Johnson,85.59
Robert,Gross,71.34
Ruth,Buchanan,67.47
Nancy,Greene,78.86
Matthew,Schaefer,80.66
Marcelina,Provines,76.41
Victor,Coffman,67.04
Daniel,Tatel,87.82
Lori,Thai,77.19
Steven,Mclaughlin,96.34
Ronald,Mullet,73.69
Todd,Butler,76.33
Omar,Duncan,52.94
Jeffrey,Fogg,84.68
Dana,Runge,73.28
Roma,Bowman,78.78
Marquita,Goodspeed,73.97
Jeff,Cloutier,77.7
Evangelina,Tartt,79.77
Nicholas,Kindt,86.06
Rose,Cosgrove,80.01
Susana,Padgett,76.59
Melanie,Garcia,71.4
Lorrie,Uy,68.72
Freda,Chouinard,68.39
Pedro,Foster,67.61
Kimberly,Frank,82.61
Helen,Moseley,79.6
Richard,Holt,82.04
Jimmy,Esker,86.8
Mary,Brummett,81.16
Donald,Ziglar,68.16
Arnold,Acevedo,70.57
Jeffrey,Forget,57.69
Katherine,Buchholz,76.2
James,Seegmiller,83.24
Jennifer,Carlyon,60.26
Chad,Dobbs,74.7
Clark,Stewart,82.03
Steven,Silverthorn,66.93
Louis,Lawlor,80.85
Theresa,Smith,70.07
Carol,Walker,74.63
Bill,Macleod,81.98
Ronald,Vargas,77.96
Diane,Urbina,68.45
Rose,Hasse,77.51
Darrel,Sohre,64.73
Brittany,Baltazar,73.46
Carolyn,Smith,73.6
Kristle,Rea,85.75
Charles,Meek,73.57
Yesenia,Davis,78.1
John,Doyle,75.89
Ricky,Barretto,79.19
Catherine,Davis,78.75
Emily,Adame,79.17
Tyrone,Villena,81.58
Jennifer,Erwin,76.5
William,Taylor,78.31
Richard,Belliveau,83.67
Kelly,Bevis,86.59
Benjamin,Murphy,91.17
Marcia,Wilber,80.78
Ruth,Manzone,64.86
Terry,Everett,65.43
Helen,Long,93.08
Kevin,Briggs,59.21
Kirby,Beman,80.88
John,Manning,82.8
Shawna,Rivera,83.33
Michelle,Brown,86.53
Larry,Messer,73.87
Suzanne,Greer,81.33
Kenneth,Spicer,80.79
Peggy,Welch,78.84
Leonard,Rosenberg,81.68
Raymond,Cassity,88.77
Mary,Jones,76.74
Laura,Elton,76.99
Terrie,Harper,74.81
Cynthia,Hardin,86.17
Regina,Stone,66.2
Michael,Overturf,73.97
James,Dominguez,80.87
Valerie,Preece,68.55
Cary,Moore,75.56
Daniel,Seymour,82.37
Janet,Macias,73.9
Peter,Henle,81.69
Todd,Vargas,77.03
Connie,Wolf,88.29
Barbra,Thorpe,78.54
Jeffery,Whitenack,87.05
Alejandra,Simmions,69.38
Irma,Baumgartner,92.14
Rosa,Ellis,80.55
Ola,Guy,74.22
Sylvia,Barragan,72.44
Julie,Wynder,69.16
Eugene,Mcree,90.29
Shanna,Zieba,71.59
Kevin,Long,85.8
Carroll,Mays,85.62
Jason,Baum,74.29
Bruce,Bermeo,82.65
Gerald,Chapman,74.18
Lisa,Salinas,76.3
Florine,Bowen,73.66
William,Benfield,75.82
Oscar,Mcnutt,82.02
Janice,Fudge,70.91
Palmer,Fiske,80.14
Delbert,Grant,73.32
Joan,Wilson,77.84
Anthony,Hutchinson,74.75
Francis,Courtney,69.44
Marina,Rankin,83.12
Carol,Gaskins,78.67
Frances,Anderson,77.76
Gladys,Thurman,71.23
Jack,Jones,82.59
Christine,Stokes,73.32
Carrie,Arrowood,86.56
Leilani,Hirst,65.03
Brittany,Casiano,81.66
James,Muni,89.19
Luz,Morrison,85.14
Jeffrey,Carlson,101.72
Arthur,Depaolo,86.17
Esther,Long,86.47
Keith,Clark,77.58
Edna,Carter,72.2
Kathleen,Kelley,84.21
Joseph,Gannon,85.8
William,Killian,72.75
Joseph,Campbell,75.15
Michele,Theus,79.93
Traci,Pickens,63.58
Arthur,Elder,77.9
Margaret,Weathersby,79.3
Linda,Phillips,79.61
Ella,Myers,78.69
Leonard,Dicostanzo,75.2
Anthony,Martinez,76.89
Donna,Wigington,86.65
Mathew,Fergus,74.69
William,Cruz,66.72
Lisa,Howard,77.01
Don,White,69.19
Adelaide,Cordova,71.14
Casey,Brumer,73.85
Michael,Sylvia,81.42
Richard,Harrison,87.96
Peter,Banks,82.24
Christopher,Leonard,76.48
James,Keeney,78.5
Eugene,Salgado,81.03
Ann,Johnson,72.44
John,Pond,84.06
Donna,Vargas,85.86
Bobby,Salls,90.49
Reynaldo,Banta,87.16
Ignacio,Derrickson,72.57
Philip,Franzoni,62.7
Virginia,Judd,79.66
Richard,Aris,84.8
Micheal,Middleton,69.23
Jane,Slater,84.76
Amanda,Flynn,84.48
Joshua,Littleton,81.79
Larry,Byerly,85.53
Harold,Ortiz,84.82
Paulette,Phillips,62.24
Bobbie,Conley,80.45
Donald,Stephenson,72.66
Robert,Vidal,85.98
Dana,Richmond,80.43
Lauren,Reyes,86.13
Caridad,Smith,59.16
Kristy,White,66.27
Fonda,Riley,86.46
Thomas,Perez,65.98
Noreen,Clouse,85.4
Ron,Bacon,88.3
Jill,Hurley,81.85
Jon,Cruson,77.41
Marcus,Pai,72.13
Geraldine,Mccray,69.78
Wanda,Colson,65.09
Zandra,Gulinson,82.92
Brandon,Caldwell,73.26
Jeri,Moser,60.22
Benjamin,Fabian,86.02
Joseph,Boudreaux,96.36
Joseph,Culver,75.43
Wayne,Bailey,80.42
Michael,Goggins,88.79
Vincent,Vaughan,82.77
Lewis,Brown,75.24
Alex,Knox,81.79
Neil,Wharton,89.02
Peter,King,64.18
James,Berndt,97.43
Fred,Tallman,93.75
William,Crosson,86.25
Shari,Vasquez,70.47
Marie,Rankin,76.72
Jean,Bowers,64.69
Larry,Morris,72.95
Paul,Harris,93.21
Amy,Lum,70.84
Curtis,Riddick,73.25
Matthew,Harris,73.22
Cory,Bolte,77.91
Rhoda,Woodard,84.16
Jeannine,Evans,74.12
Ira,Franks,67.16
Cheryl,Cain,78.38
Jane,Garcia,68.85
Kerri,Tanner,92.64
Charles,Hernandez,81.24
Philip,Nguyen,83.19
Miranda,Doyle,86.47
Sheryl,Hardeman,74.61
Mildred,Reese,83.03
James,Millican,94.32
Francis,Critchlow,76.66
Daniel,Hunt,72.46
Peter,Grady,85.74
Refugio,Robinson,65.31
Albert,Doung,88.81
Dwayne,Bayless,70.19
Lewis,Durham,86.46
Leo,Young,93.19
Graciela,Nunez,72.95
Laura,Wright,81.06
Micheal,Brown,82.19
Richard,Sartain,95.15
Holly,Williams,80.09
Joseph,Joyce,83.77
Virginia,Doherty,78.27
Jennifer,Messenger,70.49
Sally,Igel,73.79
Robin,Wilson,81.83
Ross,Martin,74.94
Raymond,Lancaster,76.09
Ernest,Dunkle,63.75
Kathleen,Taylor,91.56
Ana,Moore,75.33
Carl,Fay,75.81
James,Bowen,93.28
Eleanor,Mayo,78.19
Jody,Jones,86.28
Lorraine,Hardy,87.89
Jay,Ayala,68.93
Daisy,Phan,73.45
Mina,Wallenbrock,77.98
Jack,Hunter,67.94
Candice,Murray,77.3
Kathy,Holder,75.04
Carlton,Bring,86.45
Stephanie,Nestor,90.36
Cecil,Bevins,78.91
Robert,Pratt,85.16
Christopher,Rodriguez,71.91
Geneva,Crump,70.39
Thomas,Miller,81.12
Lisa,Williams,73.31
Grace,Low,76.68
Kristi,Steiner,82.74
William,Lytle,94.82
Luella,Tunstall,66.05
Kristie,Allen,86.12
Jennifer,Reppe,83.97
James,Gonzales,98.24
Una,Weatherwax,63.13
Norma,Turner,68.06
Cecelia,Furrer,72.22
Jeffrey,Carpenter,97.62
Vicki,Morrow,78.6
Maria,Elliot,74.46
Vicente,Hunter,76.33
Donald,George,83.76
Rachel,Williams,75.0
Joshua,Bandy,81.65
John,Sickler,79.31
Christopher,Mayberry,82.21
Jonathan,Hesse,79.01
Rosalie,Knott,89.49
Tom,Clanton,73.43
Doris,Miller,62.31
David,Baker,78.12
Patrick,Ramsey,75.88
Jean,Niederkorn,89.81
Eric,Keel,82.89
Larry,Maxcy,65.82
Melissa,Casiano,78.76
Peggy,Pankratz,71.04
Jessica,Kessler,79.03
Karen,Wall,80.97
Kirk,Cummings,67.14
Elizabeth,Ziegler,77.72
Sandra,Lingenfelter,69.01
Michael,Phillis,91.34
Tracey,Lopez,88.89
Catherine,Logan,78.09
Rose,Schell,85.93
Meagan,Nielsen,74.7
Thelma,Earvin,96.08
Dana,Marnell,79.76
Jo,Springer,87.93
Donald,Barhorst,66.46
Mark,Rustad,87.41
Johnny,Steely,81.5
Neal,Wray,58.54
Tracey,Wiggs,90.12
Paula,Bowman,81.16
Camilla,Battle,79.12
Jay,Palmer,68.55
Mary,Tribble,73.72
Sandra,Dwaileebe,81.32
Omar,Kuczenski,82.15
Phil,Webb,66.59
Sergio,Joos,82.86
Robert,Jensen,71.4
Nancy,Stoneburner,70.74
Jonathan,Ross,85.85
Laura,Jimenez,62.87
Ivy,Beck,73.3
Darlene,Riley,87.55
Gerald,Adams,76.14
Robert,Ross,75.3
Charles,Zelaya,84.42
Jerry,Rodriguez,90.74
Milford,Hunter,82.61
Kimberly,Hamm,92.86
Maria,Grant,72.56
Tracy,Wolf,72.62
Nina,Hood,91.38
Daryl,Washington,76.92
Lawrence,Penick,66.79
Albert,Gilbert,79.77
Ralph,Sibley,69.93
Gary,Ceja,84.01
Wilma,Mccracken,61.24
Sheryll,Swinerton,89.92
Joshua,Luallen,77.62
Maria,Hunt,90.72
Kenneth,Cooper,74.64
Janet,Christman,79.0
Shirley,Farley,86.13
Elene,Holderman,65.34
Vivian,Ladue,88.54
Myrna,Berdan,72.95
Joseph,Sawyer,66.79
Billie,Blecha,75.3
Paige,Brown,93.32
Regina,Forte,86.13
Lara,Wiggin,82.12
Carmen,Butler,73.96
Barry,Wood,58.52
Adam,Whitaker,96.56
Charles,Morgan,75.03
Joan,Williams,73.78
Guadalupe,Hoffman,81.49
Justin,Serna,78.51
David,Miller,68.99
Ida,Villalobos,95.4
Ruben,Hardin,79.34
John,Wheatley,63.88
Kathy,Miller,78.05
Patrick,Foster,89.74
Willis,Silveira,81.3
George,Fimbres,70.72
Nigel,Henle,83.04
Eunice,Ross,70.99
Mary,Williams,68.6
James,Mckeon,75.57
Mary,Turner,78.59
Jose,Garcia,80.77
Herbert,Mcdougle,73.22
Darryl,Purtell,70.05
Sylvia,Dunn,73.13
Dale,Fischer,71.72
Brian,Oroark,75.98
Douglas,Garafalo,76.49
Margaret,Nelson,75.93
John,Canales,93.21
Susan,Johnston,86.61
Michael,Peterson,75.7
Stacy,Dillon,69.71
Christopher,Mercado,86.41
Calvin,Torres,81.76
Ralph,Mcdonald,91.82
Daniel,Fernandez,81.25
Aaron,Kelly,65.29
Lee,Washington,81.9
Jessica,Rivera,77.79
Barbara,Williams,77.23
Sharon,Tillman,81.63
Pamela,Soria,79.35
Keith,Higgins,82.21
Steven,Kinnan,70.39
Rosemarie,Burgess,84.86
Tracy,Nozum,65.23
Charles,Bertalan,70.87
Catherine,Dillon,71.44
Rafael,Martin,66.88
Gilbert,Hong,80.47
Juan,Roser,83.69
Bruce,Falls,78.74
Charles,Sommer,88.5
Thomas,Jones,80.7
Kathleen,Mosher,59.67
Laura,Lorts,77.58
Christopher,Webb,86.18
Steve,Krul,86.75
Mary,Gietz,71.21
Theresa,Brown,81.55
James,Levitt,72.85
Edmond,Grogan,75.49
Aurora,Barnes,74.13
Nancy,Sutton,78.47
Joshua,Conlin,75.36
Sam,Pearsall,76.48
Lorna,Robertson,80.18
Robert,Jones,86.54
Delores,Eury,78.26
Nancy,Shields,69.91
Janet,Mayfield,74.41
Laura,Woolverton,89.53
Latasha,Capps,81.02
Cindi,Hatfield,79.1
Ashley,Wallace,88.12
Betty,Sargent,81.86
Virgil,Cha,76.4
Florence,Cutlip,72.41
Ronald,Rye,86.23
Helga,Geary,71.88
Anderson,Butcher,69.83
Rachel,Ortiz,79.89
Amanda,Adams,69.08
Eugene,Kaminski,89.11
Evelyn,Foutch,79.82
Shirely,Gonzalez,87.85
Robert,Leighton,60.3
Joan,Cruz,79.69
Anna,Hass,74.4
Robert,Mitcham,77.02
Ann,Person,70.03
Robert,Matthews,73.79
Cornell,Johnson,74.22
Jessica,Fenton,85.52
Ron,Lacey,77.75
Misty,Parks,66.7
Lawrence,Harris,74.48
Karen,Nelson,79.52
Maria,Dutton,80.13
Richard,Abbott,78.57
Robert,Douglas,77.27
Joseph,Sachez,82.56
Dorinda,Hawes,68.02
Frances,Kelley,68.0
James,Nicholson,71.85
Richard,Laney,74.61
Peter,Vazquez,72.4
Henry,Anson,72.02
Ray,Transou,84.09
Allen,Riggs,76.76
Amber,Alley,79.26
Wesley,Dikes,70.07
Jimmy,Bottoms,87.5
Kristi,Kowald,87.0
Jeffrey,Muniz,62.46
Jessica,Richard,66.14
Aaron,Hernandez,78.55
Christopher,Stump,91.52
Roy,Ayala,59.67
Colleen,Montgomery,68.3
Michele,Transue,72.39
Melissa,Scott,78.9
Phyllis,Zink,75.54
Damian,Peterson,80.05
Louis,Vinyard,90.6
Travis,Schwartz,60.52
Christy,Boyd,76.73
Wanda,Knowles,93.41
Kim,Anderson,73.67
Elizabeth,Hunt,70.76
Carmen,Lemieux,73.24
Sonja,Peters,76.66
Steven,Jett,75.99
Timothy,Brownie,79.13
James,Morrissey,87.83
Marcia,Blake,75.03
Ruth,Faupel,75.22
Juana,Balnis,62.78
Kayla,Ochoa,83.99
Jenny,Lytch,60.0
Mercedes,Ward,60.1
Ida,Corbett,69.94
Rosemarie,Hall,83.0
Mary,Springle,88.5
Daniel,Monteleone,73.29
Carl,Zepeda,71.6
Marsha,Wilbourn,72.76
Lucille,Palm,69.59
William,Pennington,85.81
Sarah,Schrader,73.3
Maria,Macias,78.2
Linda,Geiger,89.11
Felton,Gibbons,91.56
Robert,Dumar,83.14
Dewayne,Canter,82.2
Mary,Winchester,73.4
Aida,Farr,73.9
Delbert,Rodriquez,77.1
Stephanie,Mccoy,82.14
Gail,Avery,70.41
Doyle,Roth,84.17
Joseph,Williams,87.23
Geneva,Cardenas,72.96
Charles,Cervantes,67.01
Terry,Loiselle,74.18
Amy,Griffy,88.63
Michael,Merchant,84.13
Elizabeth,Lessard,80.67
Tammy,Moore,83.31
James,Li,84.95
Angel,Barnett,84.21
Laura,Baeza,95.08
Daryl,Gooding,69.94
Ruth,Cloer,75.15
Guadalupe,Smith,87.4
William,Graff,70.48
David,Amaral,79.46
Mary,Patton,69.84
Anne,Bold,76.59
Jimmy,Maloch,81.18
Wayne,Reed,67.87
Terrance,Bryant,65.2
Richard,Armbruster,80.11
Irma,Granata,83.11
Christine,Gonzalez,70.46
Paul,Cole,82.67
Lisa,Gosz,83.12
Hui,Saunders,81.88
Randolph,Thomas,73.57
Carl,Barrera,73.43
Christopher,Miley,82.41
Anita,Gunther,90.89
Deshawn,Reese,71.2
John,Underwood,73.75
Mickey,Osterberg,68.75
Mark,Hicks,79.48
Ashley,Romero,77.42
Annamarie,Joseph,66.23
Roberto,Slaughter,67.41
Sandra,Miske,81.84
Joseph,Rowald,77.91
Marcelo,Gramling,64.81
Rhonda,Gillespie,85.91
Patsy,Gates,92.82
Melissa,Turnquist,85.25
Joyce,Regan,71.25
Susan,Maxson,84.38
Jason,Dickson,76.6
Kathleen,Embree,77.45
Agustin,Swift,83.74
James,Phipps,80.05
Antonette,Andrews,79.74
Tobias,Fowler,71.25
Dennis,Pagel,72.57
Steven,Hipp,82.8
Jesse,Vanpelt,80.3
Ethyl,Rodriguez,66.46
Amy,Mccollum,85.33
Christina,Long,77.3
Christie,Dawson,86.9
Richard,Zamora,76.34
Mildred,Kelly,92.08
John,Mann,77.64
Thomas,Jackson,73.98
Max,Recalde,75.83
Fred,Lopez,75.84
Florence,Hood,83.43
Dorothy,Flynn,86.28
Bessie,Smith,75.93
Emily,Rome,88.86
Teresa,Richard,73.93
Jorge,Miller,77.46
Don,Curry,87.93
Travis,Johnston,87.02
Ryan,Warren,56.36
Nicholas,Johnson,87.38
Rochelle,Aaronson,69.66
Heather,Guzman,86.24
Cathy,Battey,74.87
Ashley,Nies,60.32
Lola,Flood,86.34
Audra,Troy,77.48
Mitchell,Hodge,63.88
Robert,Cushman,85.36
James,Law,96.2
Elaine,Turner,76.56
Mimi,Trinh,90.62
Anna,Joseph,85.92
Ryan,Tofil,82.76
Brian,Mckinney,69.84
Kevin,Dykes,73.14
James,Cowley,68.28
Jacqueline,Chandler,82.81
Lisa,Cosby,81.52
Vanita,Mcgrath,75.0
Horace,Hodges,74.72
Mary,Dillehay,93.98
Terisa,Wheeler,61.0
Albert,Thurston,82.39
Ronald,Eaton,86.46
James,Merritt,74.22
Kevin,Cordova,74.35
Marvin,Foster,71.53
Dante,Goodnight,74.41
Jerry,Hodgins,61.65
Maureen,Peterson,70.17
Frank,Underwood,84.57
John,Wysocki,76.17
Melissa,Daugherty,78.27
Paula,Loucks,83.61
Shane,Fadel,72.73
Rhonda,Alvarez,79.64
David,Nokes,70.27
David,Burgess,87.71
Zack,Pickerel,63.56
Josephine,Varner,87.83
Gail,Swanson,82.67
Donna,Rock,89.92
Frances,Varela,87.95
Erin,Watson,95.04
James,Williams,70.71
Margaret,Weich,85.68
Dina,Stengel,77.47
John,Hinojos,76.83
Randy,Shanklin,74.15
Manuel,Stratton,85.89
Charles,Sumrall,79.61
Eric,Farrington,77.17
Tania,Dillon,74.91
Daniel,Goodman,86.71
Michael,Gray,72.43
Andrea,Devit,71.88
Candace,Speer,75.54
Neil,Phillips,85.11
Mary,Rowles,70.01
Cornelia,Ceniceros,73.83
Thomas,Vires,72.97
Owen,Lawlor,82.98
Kris,Wolfe,61.07
Louis,Hernandez,77.25
Michael,Isom,77.58
Fredric,Loder,83.38
Shena,Smith,73.29
William,Ross,84.26
Brenda,Epps,67.64
Thelma,Rush,78.07
Vivian,Walton,77.94
Martha,Bixler,72.03
Edwin,Miller,79.41
Matthew,Poindexter,84.44
Brian,Martin,78.85
Lisa,Carsey,82.59
Larry,Hill,86.33
Larry,Rydberg,75.91
Guadalupe,Riddell,84.83
Janel,Morgan,65.47
Herbert,Northern,61.25
Frances,Pharmer,77.94
Joe,Hanks,89.07
Sandra,Watson,79.46
Lori,Nunes,68.05
Jan,Rollins,90.65
Nancy,Cook,73.84
Keith,Gelb,89.88
Hope,Conners,82.81
Barbra,Vanriper,69.24
Julie,Cochran,67.23
Eric,Winfield,66.06
Arthur,Denton,82.46
Rafael,Hooper,77.62
Marie,Hawkins,94.61
Johnny,Duff,79.41
Andrea,Ballard,74.55
Robert,Paterson,74.48
James,Woods,74.79
Shelly,Hickman,70.61
Kendra,Goldblatt,78.88
Joseph,Perciful,88.17
Denise,Evans,85.83
Dorothy,Page,79.9
Felicia,Mcgrew,73.6
Ana,Engen,58.94
Jessie,Kuhl,75.39
Christopher,Champagne,80.75
Elliot,Brester,79.12
Wilhelmina,Mckain,75.21
Felipe,Howard,77.0
Leone,James,85.07
Mary,Scales,64.62
Nicholas,Page,77.27
Leslie,Mozie,79.11
Joe,Cawthon,73.18
Henry,Thomas,70.9
Tammy,Gutierrez,84.4
Stephanie,Nelson,72.06
Helen,Bransford,66.34
William,Booth,65.22
Patricia,Batton,77.23
Thomas,Daniels,79.19
Laurie,Helwig,82.26
Nadia,Hall,84.8
Joseph,Kile,60.73
Marian,Wilson,68.55
John,Oddo,68.95
Garnett,Steinberg,80.85
William,Hughes,78.85
Richard,Ladner,72.67
Bridgette,Anderson,73.7
Ralph,Davis,72.48
Ryan,Perrington,77.88
Lowell,Christensen,87.29
Ann,Schmidt,68.54
Imelda,Thornton,76.73
Betty,Ayers,71.84
Janet,Gonzalez,88.76
Carla,Frederickson,70.65
Felix,Ha,80.44
Lou,Crumley,81.36
Frank,Mccommons,80.28
Cathy,Morin,72.86
John,Minnich,77.35
Elizabeth,Jarrett,73.67
Sybil,Mainor,74.58
Blake,Carter,76.18
Fred,Adams,77.98
Ted,Miller,73.19
Joseph,Marquis,82.27
Paul,Cabrera,90.38
James,Lowenstein,79.04
Peggy,Watson,85.84
Garret,Anderson,79.07
Sadie,Day,71.53
John,Bowers,79.54
Kenneth,Staab,66.9
Bruce,Williams,76.44
Mindy,Bunton,94.46
Susan,Winograd,86.77
Nicholas,Schweinsberg,65.47
Julie,Gee,72.48
Tia,Conkel,77.54
Ollie,Richardson,87.76
Janice,Jefferies,88.42
Mary,Soule,82.16
William,Walsh,86.99
Robert,Brunner,87.27
Charles,Hathaway,77.95
Eduardo,Genther,88.94
Lisa,Smith,87.54
Gary,Ortega,74.03
Donna,Rick,62.05
Rosemary,White,81.9
Jesse,Reding,92.81
William,Newlin,76.77
Hazel,Gentry,70.49
Larry,Wilson,94.25
Daniel,Gardner,71.23
Gloria,Gilbert,74.17
Josephine,Lecky,78.88
Joanna,Kinyon,75.97
Lois,Phillips,75.48
Sherry,Stanley,90.8
Barbara,Demott,81.81
Leslie,Delatorre,70.78
Mark,Resendiz,75.04
Karen,Zeger,75.9
Amanda,Romanelli,74.26
Maxine,Mahoney,76.19
Donna,Norman,71.65
Ellen,Pratt,99.05
Doreen,Kelley,68.87
Margaret,Wenrich,73.49
Kimberly,Hill,81.12
James,Spencer,66.93
Monique,Cohen,78.04
Clifton,Kraeger,69.92
Susan,Sayle,83.05
Victor,Rutherford,76.65
Preston,Johnson,86.15
Amanda,Riles,87.48
Helen,Hinojosa,76.49
Bernice,Fizer,87.68
Richard,Mears,70.14
Jacquelyn,Newman,79.52
Marion,Marti,90.92
Kenneth,Bailey,70.52
Larry,Groh,82.9
Pamela,Mckenzie,64.96
Tonya,Hoard,79.79
Cassandra,Lemasters,76.97
Magnolia,Musich,81.98
Delores,Mcwhorter,70.02
Catherine,Boulware,73.22
Damien,Hitt,74.34
Tommy,Macpherson,83.17
Jeff,Scoggins,71.61
Bradly,Plunkett,81.25
Emory,Garbarino,83.59
Pamela,Martinez,88.43
Brian,Gist,81.18
Lawrence,Martin,69.06
Linda,Richmon,60.59
Gloria,Mcgee,82.97
James,Mancilla,74.46
Kiera,Miller,81.44
George,Olson,82.74
Shelly,Reppe,98.01
Jackie,Perez,80.96
Valerie,Pace,81.64
William,Jensen,77.97
Eugene,Storjohann,95.34
James,Butler,88.95
Richard,Fletcher,66.58
Melanie,Lederer,76.1
Janet,Salazar,78.06
Denis,Handley,91.7
Altha,Kelley,91.0
Edna,Whittman,85.22
James,Nimmons,77.02
Rebecca,Mccormick,88.98
Terri,Cash,80.02
Deneen,Molina,65.23
Sheryl,Axtell,78.52
David,Gibbs,78.2
Shannon,Cooper,76.31
Doris,Smith,75.8
Rob,Obanion,74.09
Cheryl,Vidal,72.46
James,Burnell,78.86
Simona,Peters,68.7
Fabian,Gilliard,95.03
Renee,Sumney,85.56
Nicholas,Lindsay,78.54
Wade,Turner,73.86
Lucio,Mcdaniel,85.81
Leon,Crane,75.15
Robert,Sanderson,74.61
Steven,King,70.79
Paul,Roach,78.39
Robert,Chinn,71.78
Cheryl,Carr,73.96
Melissa,Figueroa,84.5
Russell,Higdon,94.8
Sara,Beckner,73.44
James,Haveman,74.79
Stephen,Maugeri,80.41
Larry,Ferree,66.59
Richard,Wolcott,77.89
Richard,Newton,68.99
Ruben,Findley,82.07
Dorothy,Watson,74.72
Stella,Mcmahan,64.08
James,Farley,88.52
David,Mills,85.74
Julie,Bertram,66.39
Asha,Springs,78.65
Peggy,Wang,74.87
Scott,Gallegos,61.46
Jacqueline,Hardy,85.08
Daniel,White,88.44
Edward,Beason,83.41
Nathanial,Simmons,73.68
Thomas,Riggle,75.65
Dwayne,Remillard,71.66
Theresa,Freeders,81.63
Andrew,Began,81.07
Lee,Herman,73.84
Fred,Woodward,85.97
Cordia,Duvall,76.9
Priscilla,Steadman,82.36
Betty,Mitchell,77.94
Caroline,Miller,68.76
Ryan,Fagg,74.11
Isaac,Bradley,89.26
Allison,Thor,78.33
Asia,Adams,80.36
Erin,Reyes,82.14
Sonia,Howard,81.98
Bulah,Johnson,69.27
William,Gearheart,69.53
Barbara,Mckay,76.46
Mary,Knight,70.16
Brenda,Solis,69.91
Rogelio,Martindale,68.48
Jody,Charles,77.41
Michael,Shren,84.53
Janelle,Frank,59.98
George,Knight,69.44
Laurie,Phillips,79.27
Mammie,Hixon,81.0
Alexis,Smith,92.1
Michael,Burwood,83.47
Sandy,Nicewander,81.08
Alma,Redman,78.36
Michael,Ingram,71.26
Margaret,Carroll,79.99
Dawn,Andino,65.58
Eleanor,Lewis,84.37
Julie,Leblanc,67.23
William,Crawford,75.54
Jody,Grayson,75.92
Earl,Dorsey,85.59
John,Suh,70.7
Michael,Green,72.59
Samira,Tookes,74.37
Heidi,Poole,88.76
Josephine,Poteete,85.81
David,Mcdonald,81.14
Sara,Diamond,75.45
Daniel,Hudock,81.91
Geneva,Anderson,84.15
Walter,Black,57.9
Willie,Teegarden,73.37
Daniel,Renteria,80.42
Mary,Johnson,80.71
Donna,Terry,70.89
Joyce,Gomez,75.01
Wallace,Hubbard,84.15
Jose,Castillo,70.48
Christopher,Campbell,77.89
Helen,Vanwart,71.61
Edith,Freeman,80.11
Samuel,Evans,89.89
Denyse,Sewell,81.32
Juanita,Baker,78.0
Helen,Broussard,82.96
Tina,Baldwin,70.41
David,Skousen,81.83
Mandi,Hicks,60.97
Gary,Breedlove,58.2
Edmund,Leblanc,79.28
Andrew,Trace,70.25
Fatima,Burgo,57.63
Jermaine,James,76.68
Christopher,Winters,84.05
Francis,Castleberry,90.81
Patrick,Swanigan,78.67
Beatrice,Ona,76.14
Michael,Goebel,88.15
Michael,Meyer,84.1
Linda,Roosa,71.74
Regina,Langone,80.7
Barbara,Jones,80.32
William,Baldwin,83.64
Arnold,Shepard,94.47
Daniel,Patton,69.64
Scott,Parsons,74.03
Edna,Novak,89.85
Pearl,Higgins,81.8
Scott,Teal,65.67
David,Raney,74.67
Elizabeth,Wagner,79.7
Sarah,Haughney,82.39
Ora,Caul,72.45
Fabiola,Miller,73.5
William,Lee,78.68
Pansy,Joachim,79.45
Colleen,Godfrey,70.59
Otis,Hannah,73.61
Kenny,Nall,76.18
Benjamin,Williams,80.68
Jack,Rowland,73.99
Sharon,Chandler,60.95
Susan,Harris,79.26
Santa,Walker,75.16
Anne,Schwarz,76.83
Eleanor,Cox,59.64
Yvonne,Helm,81.16
Patsy,Hite,78.12
Max,Hassing,88.33
Alice,Mccleave,91.28
Ruth,Merkel,74.11
Jamie,Crawford,77.49
Joseph,Damron,93.71
Pete,Olsen,80.81
Thomas,Damboise,102.67
Emilio,Davis,86.83
Stephen,Franklin,89.68
Joseph,Royals,69.21
Sara,Edemann,90.08
Richard,Mitchell,78.15
John,Sutton,76.8
Richard,Wright,83.44
Kristen,Carter,82.52
Jeanetta,Dequattro,74.94
Delbert,Riggs,69.98
Sandra,Doig,81.57
Diane,Buckner,74.09
Jaime,Cook,84.24
Graciela,Hamill,73.48
Mary,Boniello,91.18
Walter,Eastburn,72.09
William,Chapin,102.69
John,Bernardino,71.67
Max,Norris,83.11
Kathleen,Findley,91.17
Jack,Ragland,71.06
Anamaria,Throgmorton,77.74
David,Reeves,81.13
Darlene,Ball,75.46
Velma,Newburn,85.47
Johnnie,Webb,67.26
Richard,Davis,89.7
Kenneth,Landry,79.77
Raymond,Diaz,75.13
Linda,Mercer,76.08
David,Sexton,80.14
Debra,Pfister,82.69
George,Choy,81.87
Cora,Pierce,72.28
Robert,Fontaine,74.26
Miguel,Mierzejewski,73.32
Esther,Tillson,75.73
Franklin,Anastasiades,64.61
Steven,Krueger,70.81
Marie,Groth,76.2
William,Clement,81.98
Ronald,Crump,83.49
Bernadette,Salada,79.97
Robert,Jones,104.82
Jeanette,Moise,77.54
Robert,Manzone,67.17
Laura,Reed,79.54
Miriam,Mccutcheon,72.79
William,Warner,76.77
Janice,Wolfe,67.72
Valene,Summers,72.43
Kevin,Schweitzer,77.74
George,Souza,84.41
Rosemarie,Diaz,73.23
Bessie,Davis,76.33
Michael,Drutman,74.07
Betty,Olmstead,105.25
Diane,White,78.57
Ruby,Hawkins,69.32
William,Oland,88.62
Charles,Vastardis,82.47
Juliet,Thompson,79.66
Kathy,Teano,79.73
Eddie,Pilgrim,81.42
Karen,Miles,89.5
Dorothy,Morgan,72.76
Michael,Rozek,67.46
Barbara,Behanna,72.5
Frank,Crawford,83.28
Phillip,Gaines,78.58
Garret,Vanwormer,82.32
Marion,Elrick,70.99
Richard,Cvetkovic,83.9
Frank,Jackson,71.61
David,Carhart,84.77
Sheila,Eidson,79.4
Charles,Moore,76.76
Melvin,Meyer,86.44
Terry,Ayres,94.53
Mary,Rose,75.3
George,Ortiz,86.28
Jimmy,Shaw,73.15
Gary,Levitz,67.8
Michael,Meade,78.7
David,Nino,81.65
Eva,Kelley,67.58
Ryan,Rojas,82.75
Charles,Knisely,65.49
Nigel,Czajkowski,70.69
Jill,Jones,71.99
Ronald,Gochal,71.46
Kim,Pittman,65.27
Lee,Flaherty,80.65
Natasha,Ricciardi,90.62
Haywood,Cardozo,71.17
Charlene,Stevens,85.63
James,Holliday,72.38
Desiree,Bowers,71.56
Mattie,Haas,79.28
Lavern,Bain,64.46
Elmer,Walker,87.07
Bobby,Williams,66.17
Liza,Parks,80.6
Rachel,Montoya,76.81
Patricia,Edmondson,91.89
Brett,Stacey,78.55
Allen,Hawkins,82.61
Marilyn,Stallings,79.91
Marguerita,Atkins,76.17
Sherry,Miles,78.82
Michael,Smith,76.9
Charles,Dawson,68.92
Jesse,Campbell,75.98
Pamela,Klein,80.29
Amanda,Wells,62.39
Christina,Reaver,85.93
Benjamin,Aucoin,72.35
Keith,Arnold,79.1
Edwin,Launderville,75.45
Michael,Erdmann,89.41
Martin,Kincaid,78.91
Kyle,Isaacs,86.81
Christiane,Morgan,94.17
Dana,Brown,80.21
Della,Pickett,69.36
Johnny,Salter,79.36
Anthony,Czapla,82.22
Mary,Colson,77.26
Ida,Erickson,80.49
Justine,Morgan,90.27
Lisa,Ayers,94.14
Ollie,Howard,77.63
Perry,Prince,85.52
Rick,Holloway,64.65
Patsy,Ramey,74.07
Joel,Paskett,93.2
Joseph,Woodard,90.29
Queen,Russell,75.67
David,Brown,85.69
Paul,Hervey,78.42
Frances,Long,59.96
Marion,Difilippo,83.67
Freda,Gilroy,68.37
Amanda,Howell,85.54
Robert,Moses,65.04
Lisabeth,Woods,71.17
Barbara,Randolph,86.39
Latoya,Wen,61.95
Hope,Longhurst,83.06
Martin,Williams,77.0
Martha,Winston,73.16
Donna,Lopez,79.39
Timothy,Buchanan,81.3
Bryan,Mcdonald,78.46
Julius,Gantz,78.98
Carol,Lowery,77.36
Jackie,Bottom,83.48
Teresa,Dutton,78.34
James,Waddle,81.06
Louis,Mcdowell,72.51
Claire,Salinas,64.62
Gloria,Torgerson,79.03
Howard,Harris,83.81
Erik,Rivera,75.05
Christopher,Ross,88.85
Jason,Casanova,90.14
Laura,Rodriquez,80.01
Marion,Brendel,78.83
Jose,Jordan,89.39
Harry,Patel,79.57
Eliana,Skeen,78.1
Jeffrey,Little,72.04
Joan,Yamaguchi,77.66
Cynthia,Hust,70.6
Walter,Johnson,76.04
Linda,Sahara,87.8
Ivette,Riggs,71.5
Carmen,Wilson,70.58
Kenneth,Larson,77.04
Patricia,Swearingen,81.93
Robert,Smith,79.88
Gerald,Glenn,77.93
Bridgette,Carroll,79.99
Cindy,Wright,92.92
Roger,Rubottom,86.31
George,Edlin,91.74
Leola,Smith,85.4
Brandon,Alan,63.02
Matthew,Thomas,79.24
Nicholas,Patterson,64.88
Joseph,Hickernell,78.89
Leslie,Hardnett,75.7
James,Barnes,89.22
Richard,Matthews,82.36
Diana,Lewis,80.24
Anne,Scalise,76.07
Alexis,Hassett,82.89
James,Wilhite,70.38
Loren,North,85.97
Sally,Acoff,80.67
Sophia,Kerns,77.9
Maude,Kawai,76.68
Kim,Smith,76.79
Clyde,Pagan,83.61
Scott,Sims,84.67
Chanell,Morison,71.8
Peter,Zerhusen,69.47
Ruth,Morton,83.14
Jill,Hicks,74.14
Maurice,Lesnick,61.96
Linda,Alexander,62.26
Joan,Johnson,84.91
Richard,Evans,80.67
James,Krumins,86.13
Ronald,Kulp,69.6
Lori,Deroche,70.79
Roland,Shackelford,87.42
Willy,Gilmore,71.25
Becky,Grove,78.44
John,Leverenz,78.83
Emil,Hiles,77.66
Chris,Peacock,65.92
David,Griffith,83.48
Robert,Wright,74.84
Rita,Bogan,85.25
John,Talavera,79.97
Nina,Vanhoose,84.05
Elinor,Edwards,80.05
Jeanna,Sieber,87.5
Herman,Whitlatch,79.22
Alice,Vargas,86.77
Sharon,Trevino,71.43
Bruce,Sifford,75.11
Kathy,Christiansen,99.46
Mark,Bennett,71.09
Wilmer,Richter,79.37
Kimberly,Mccallister,83.56
Earl,Vasquez,67.23
Ronald,Drees,83.77
Peter,Fleming,74.36
Darlene,Simmons,73.46
Kathleen,Sanchez,72.89
Rhonda,Fuchs,65.45
Kevin,Casares,74.77
Bennie,Grant,76.47
Francis,Riley,79.57
Violet,Harvey,70.28
John,Roark,67.27
Beverly,Mcghee,83.27
Minna,Sparks,91.69
June,Cleveland,69.72
Timothy,Davis,89.1
Frances,Plyler,80.73
Diana,Doss,78.86
Christopher,Mahoney,64.36
Kathleen,Young,75.63
John,Humphreys,65.39
Ann,Bundage,73.59
Jack,Seaton,75.87
Sidney,Behn,76.38
Carlos,Dusel,72.2
Micheal,Howell,85.85
Britt,Barth,70.16
Jesus,Mcgonagle,77.18
Betty,Sloan,82.36
John,Garris,80.37
Steve,Hefner,64.02
Britney,Guthrie,83.98
John,Boley,70.89
Omer,Cook,86.71
Kenneth,Arellano,87.69
Paula,Gilstrap,72.66
Pamela,Hames,72.08
Timothy,Ingram,77.82
Richard,Mcclure,87.2
Denis,Vanetta,82.68
John,Mcadory,77.1
Jerome,Belser,79.0
Matthew,Byun,74.84
Mark,Hicks,76.35
Laurie,Shavers,66.95
Elsa,Davis,64.02
Katia,Bass,76.55
Daniel,Watson,66.87
Patrick,Rakes,71.21
Paul,Coleman,65.11
Fred,Ross,78.24
David,Cabrera,73.4
Quincy,Hill,78.71
Veronica,Baker,84.21
Joseph,Saleha,78.93
Tina,Otis,68.95
Juan,Powers,90.29
Ralph,Mckinnis,74.44
Jessica,Giuffrida,98.55
Scott,Lunstrum,72.01
Bertha,Griffin,71.9
Michael,Cleary,74.31
Veronica,Carroll,72.38
Jerry,Yang,66.2
Christopher,Zorn,72.57
James,Ruth,68.08
Alexis,Bradley,77.01
Kathleen,Perry,68.97
Carla,Wilson,100.71
Martina,Bryan,77.03
Frank,Caison,81.62
Zachary,Kirkpatrick,78.32
Carroll,Sanchez,77.57
Eric,Beery,69.39
April,Brown,73.55
Christine,Drewry,78.95
Nancy,Cryer,75.17
Sheila,Morgan,88.84
Mary,Torres,77.73
Robert,Hartsfield,64.79
Michael,Sanchez,82.82
Tom,Griffin,67.55
Daniel,Houle,74.79
Tara,Babb,69.5
Timothy,Todd,81.97
James,Leonard,92.13
Catherine,Diaz,78.9
Jennifer,Edwards,80.3
Mabel,Simpkins,61.28
Jason,Davis,77.35
Justin,Dombkowski,68.87
Larry,Rodas,74.84
Sherri,Williams,69.2
Kristen,Imoto,71.75
Mark,Hagge,73.12
Jane,Leggitt,72.72
Frederick,Lapp,80.24
Candace,Castillo,78.59
Lillie,Bullinger,86.27
Sammie,Ross,78.0
Joel,Foster,69.65
Mary,Tipps,79.15
Edgar,Utley,78.74
Lois,Warren,87.2
Judy,Dombkowski,76.19
Frank,Elumbaugh,79.89
Stephen,Yager,92.86
Frederick,Durrance,80.73
Stephanie,Rose,79.55
Mark,Jennings,81.19
Gregory,Vazquez,78.73
Teresa,Shifflett,82.81
Carolyn,Rice,66.71
Lillian,Stoddard,80.41
John,Davis,83.39
Marianne,Herman,98.73
Elke,Rudasill,73.22
Isabel,Rodriguez,78.19
William,Phair,81.6
Tiana,Harper,80.12
Kevin,Evans,82.6
Dawn,Hays,65.82
Edward,Luna,89.26
Ester,Harrison,79.41
Paul,Mallory,74.37
Alesha,Handy,75.45
Robbie,Hicks,57.15
Harriett,Byrd,91.01
Jennifer,Mosqueda,76.24
Newton,Dennard,78.71
Kathy,Miller,72.01
Lewis,Morgan,75.09
Sharon,Barry,77.66
Beverly,Perkins,72.3
Erica,Dalton,74.31
Erik,Kerns,72.43
Betty,Lewis,64.51
Joline,Sokolowich,68.72
Lester,Moore,82.92
Jimmy,Whitney,70.82
Willie,Harris,77.37
Steven,Quiles,64.0
James,Sandberg,68.71
Erik,Wright,65.47
Ron,Sanders,83.96
Danny,Farnell,87.42
Elizabeth,Lee,90.6
Robert,Webb,75.61
James,Knower,76.78
Madeline,Rodriguez,94.85
Ashley,Macklin,75.32
Kenneth,Stephany,73.09
George,Gustavson,68.19
Matthew,Wise,85.34
Gladys,Holstine,88.47
Pat,Rutherford,79.55
Lee,Preston,72.17
Connie,Willis,81.42
Kristen,Martinez,78.28
Rachel,Lehman,67.73
Marvin,Beall,79.3
Wesley,Mcmorran,67.91
Juliette,Montoya,86.95
Joe,Gordon,68.06
Gustavo,Hanselman,75.79
William,Woodley,89.95
Glenn,Scott,75.56
Marilynn,Downing,70.4
Kevin,Lang,73.54
Paul,Jordan,86.47
Raguel,Weldon,68.31
Stephanie,Baker,57.78
Daniel,Riblett,84.12
Tony,Tucker,69.1
Walter,Rivera,73.01
Christina,Capps,81.97
Elizebeth,Miller,91.53
Wayne,Mitchell,77.08
Jeannette,Blue,79.68
Dawn,Scannell,87.98
Albert,Fowler,73.0
Charles,White,69.51
Laura,Hunt,88.36
Nicholas,Torres,83.35
Kristin,Nordstrom,70.5
Elisabeth,Rodriquez,84.38
Deborah,Gray,67.28
Michael,Plummer,81.38
Ronald,Erickson,78.73
Rickie,Myers,68.98
Jacques,Caylor,88.78
Ernest,Johnson,85.09
Gilda,Counterman,79.51
Barbara,Ballard,89.1
Gary,Seymour,79.15
Ryan,Wilson,75.8
Clara,Bryant,87.69
Nancy,Best,82.94
Christopher,Hobson,72.66
Christopher,Lane,93.7
Alfred,Alix,89.8
Cory,Ballard,76.74
Kyle,Butler,90.36
William,Fackrell,83.1
Eloise,Mullen,89.8
Jimmy,Dudley,69.34
Glenn,Balsamo,81.21
Irene,Jones,80.48
Maricela,Taylor,75.36
Jane,Weddle,64.87
David,Gipe,81.45
Billy,Kilpatrick,84.24
Margaret,Lindsey,81.93
Eric,Edwards,81.05
Kenneth,Nipp,90.76
Guadalupe,Coleman,91.61
Miguel,Davis,84.32
Ana,Askew,83.04
Robert,Ward,82.47
Lacy,True,71.9
Terri,Rosales,64.5
Nelson,Noto,75.25
Sylvia,Talley,79.52
Gail,Ingram,72.48
Robert,Summers,82.04
Stan,Rollins,74.01
David,Frisbee,77.07
Wayne,Young,66.17
Earle,Arwood,78.94
Patricia,Kraeger,72.05
Delores,Pena,82.84
Don,Janssen,72.56
Theresa,Gabrielson,89.24
William,Fitch,87.03
Robert,Hayslett,82.6
Diane,Meyer,71.22
Kristin,Fields,74.02
Norma,Keisler,76.58
Jose,Frawley,85.51
Julie,Harrell,83.79
Jeanette,Arrant,81.47
Jeffrey,Reimers,82.19
Alva,Ross,75.3
Gwendolyn,Heller,71.35
Thelma,Mason,79.35
Timothy,Merna,74.36
Christina,Batchelor,81.8
Brendan,Taylor,66.21
George,Baadsgaard,71.7
Carmella,Johnson,87.31
Emily,Street,76.12
Roy,Taylor,90.37
Steve,Pluemer,67.67
Joseph,Wilson,86.55
Gary,Martin,83.51
Trudy,Mckinney,86.35
Darius,Few,94.01
Harry,Saballos,82.39
Kenneth,Pinon,92.37
Lisa,Shedd,77.87
Barbara,Wheeler,81.8
Linda,Walker,69.39
Carola,Lloyd,64.74
Anne,Jackson,69.04
Francis,Richardson,66.61
Brad,Hohlstein,82.43
Darrin,Adams,77.68
Mark,Mosher,73.96
Michael,Hale,80.94
Jose,Kelley,95.19
Don,Skinner,83.96
Karen,Joseph,79.19
Shelley,Kerr,79.34
Michael,Bies,76.5
David,Gallardo,85.33
Charles,Duncan,73.27
Jerry,Tyler,81.76
Dawn,Beach,70.55
William,Wright,75.16
Dorothy,Bell,63.05
Celeste,Klemm,100.69
James,James,90.71
David,Vasquez,86.83
Robert,Knight,88.3
Timothy,Phillips,86.72
Dorothy,Woytowich,79.37
Shelly,Winfield,78.99
Ryan,Oneal,81.69
Santiago,Fisher,79.6
Amanda,Kimsey,75.22
Leann,Richard,80.21
Christopher,Davila,67.59
Cathy,Sinclair,78.97
Joni,Nealon,70.49
Gerald,Pellot,71.98
David,Arroyo,70.51
Sergio,Blackwell,85.27
Racquel,Head,70.25
Jennifer,Smith,75.44
James,Anderson,61.47
Mia,Umberger,95.59
Herbert,Martin,76.31
Julia,Palmer,71.95
Ryan,Thomas,67.91
Nicole,Burris,97.29
Luigi,Lum,75.61
Amber,Shelley,82.01
Dianna,Marlowe,68.83
Patricia,Greenwood,65.05
Patricia,Kimmel,75.96
Pat,Rice,83.88
Bertha,Labruzzo,66.56
Nora,Wilson,68.24
Penny,Ross,78.58
Evelyn,Reyna,76.17
Jose,Junkins,77.21
Sarah,Barnett,85.56
Raymond,Gooden,85.26
Claire,Weisser,73.9
Clara,Cervantes,77.21
Neva,Newby,88.21
Andrew,Richie,67.5
Charles,Lowman,81.74
Carol,Murray,83.84
Rebecca,Wagner,74.92
Frank,Anderson,89.52
Vera,Rodriguez,65.09
Debbie,Robles,82.19
Theresa,Fogarty,70.18
Peter,Basquez,79.48
Yvonne,Cooper,75.44
Tiffany,Raya,70.34
Henry,Miller,72.68
Kallie,Harris,77.87
Michelle,Howard,67.25
Mary,Stoeckel,86.49
Steven,Volz,83.88
Marcus,King,75.91
Greg,Barr,78.07
Spencer,Eisenmann,64.52
Paul,Hook,72.67
Connie,Pugh,79.48
Marguerite,Schmidt,75.38
Jesse,Freitas,78.39
Kenneth,Quinn,86.26
John,Sims,85.21
Frances,Harrison,85.74
Mary,Sylvester,62.78
Alex,Troutman,81.25
Kristie,Fieldson,71.7
Linda,Pena,79.46
Shannon,Bonds,70.42
Thomas,Davis,71.37
Monique,Harrison,82.01
Jennifer,Ellis,84.7
Vincent,Tucker,81.72
Robert,Drabant,57.19
Matthew,Childress,89.18
Ellen,Harrington,72.22
Robin,Stone,74.31
Gloria,Lord,70.25
Jeremy,Sheridan,70.87
Donald,Vera,66.62
Sterling,Melton,76.78
Sharita,Salas,74.11
Niki,Weeden,84.82
William,Murray,83.88
Nestor,Justice,77.67
Frank,Bell,66.96
Steve,Harne,72.1
Betty,Cook,87.26
Thomas,Quillen,66.62
Allan,Kelley,71.82
Geraldine,Thompson,76.86
Kim,Day,74.84
Jennifer,Dover,67.21
Halina,Harrell,71.07
John,Redd,79.97
Natalia,Millison,65.55
James,Hamilton,69.43
Lucy,Wilson,63.12
James,Micheals,72.06
Stephanie,Harris,74.41
William,Wofford,89.25
Herbert,Burk,81.8
Carol,Day,71.41
Diane,Murphy,64.36
Philip,Woods,79.82
Joseph,Williams,83.46
Jesus,Whitlock,76.9
Connie,Salas,84.22
Constance,Rogers,77.95
Orlando,Crooks,77.58
Inez,Shields,65.99
Eric,Mcgregor,71.87
Jose,Crasco,73.4
Mario,Stewart,74.3
Janice,Greco,72.12
Kirk,Bell,71.48
Ernestine,Bowen,88.88
Robert,Riggs,78.91
Philip,White,71.26
Albert,Davis,70.42
Jonathon,Marin,72.17
Stanley,Gonzales,90.57
Mary,Sparks,78.25
Robert,Rogers,84.88
Craig,Paules,75.89
Juan,Gentry,78.7
James,Mcgee,68.7
Gloria,Mcvey,80.21
John,Kyle,79.16
Nolan,Garris,82.69
Jimmy,Miltenberger,76.95
Sharon,Murphy,89.12
Andy,Wilkins,81.38
David,Rosol,67.99
Jeanie,Mattos,77.11
Irving,Saldana,69.76
Helen,Barb,74.47
Willis,Fry,88.94
Kim,Hinkley,80.7
Denise,Bays,81.94
Ronald,King,76.27
Charlie,Davis,69.29
Jason,Teague,76.76
Bonnie,Burks,93.46
Michael,Willie,73.69
Francis,Petzold,88.42
Janice,True,83.7
Sanford,Doran,85.33
Joseph,Mcjunkin,71.73
Michael,Richards,85.36
Frances,Yoder,68.34
Peter,Long,72.7
Robert,Dinkins,76.57
Anthony,Mynatt,66.5
Matilda,Jackson,64.07
Randall,Ortega,91.76
Mabel,Hellard,86.68
Richard,Bartlett,75.93
Consuelo,Travis,84.82
Maurice,Parrish,81.09
Katherine,Wedlow,79.18
Helen,Willingham,74.18
Bridget,Beene,72.39
Vaughn,Grisby,65.55
Ronald,Peterson,92.38
Salvador,Pollick,92.25
Danny,Pekarek,76.3
Ian,Desai,93.78
Amanda,Cherry,68.2
Bev,Campion,72.81
Cody,Schaffner,68.6
Gerald,Searcy,82.38
Mary,Peterson,94.73
Annie,Villaman,80.61
Blanch,Miller,80.84
Betty,Hill,70.63
Eli,Diaz,77.11
Randall,Lockard,81.99
Sylvia,Allen,89.25
Lowell,White,83.08
Rhea,Brewer,81.45
Ashley,Langley,84.76
Jennifer,Beardsley,89.15
James,Green,80.39
Mary,Osborne,87.3
Frank,Bauer,77.39
Victoria,Hooper,73.97
Donald,Perez,77.1
Carl,Porche,64.6
Lisa,Keller,73.32
Patrica,Carter,69.56
Peter,Gonzalez,81.67
Shawn,Baseler,74.38
Corey,Nowell,82.51
Sonya,Justice,81.43
Jennifer,Luken,74.77
Carolyn,Reina,75.04
Crystal,Rojas,84.5
Francisca,Warren,73.25
John,Gayhart,86.27
Robert,Torres,80.68
Louise,Clyde,80.91
Taylor,Jackson,78.51
Kevin,Mccann,82.44
Anthony,Shelton,61.24
Paul,Evert,74.91
Roy,Henry,83.31
Diana,Andrews,87.24
Albert,Jones,80.33
Michael,Turner,84.12
Ruby,Delk,83.4
Arlene,Bradley,77.57
Richard,Borgmeyer,70.26
Dianna,Mahan,60.14
Julia,Dixon,88.4
Cynthia,Foster,81.85
Margaret,Riley,67.31
Edna,Haubert,78.27
Shirley,Mossien,74.53
Jeanette,Bush,64.85
Charles,Herrera,67.66
Kelly,Collier,82.39
Jason,Rykert,70.67
Bernadine,Alexander,76.78
Neva,Washington,74.04
Christina,Keim,75.0
Amanda,Davis,87.01
Frank,Robinette,90.99
Kenneth,Oconnor,84.08
Pedro,Gongalves,75.37
Marina,Page,72.55
Renee,Gray,74.28
Dave,Mccreedy,81.77
Jack,Sircy,84.67
Trenton,Sander,89.94
Lynn,Srinvasan,80.07
Adrienne,Guzman,69.28
Margie,Gariepy,72.48
Mary,Farmer,83.2
Denise,Leduc,70.78
Mildred,Nusbaum,86.38
Jodi,Cook,77.89
Darryl,Donovan,77.6
Dorothy,Dominguez,77.03
Daniel,Webb,75.45
Raymond,Daniel,78.65
Christine,Dennison,68.17
Michael,Messner,79.55
James,Davis,80.79
Connie,Lee,81.34
Cecilia,Romero,88.21
Kristen,Southern,74.31
Randall,Sylvestre,80.61
Ezra,Faulk,93.22
Judith,Jones,79.97
Shawn,Ortiz,77.61
Sean,Conn,91.91
Marion,Leigh,71.69
Brent,Perreira,85.3
Phillip,Vosmus,73.05
Rochelle,North,74.05
Daniel,Denery,74.26
Brian,Hobdy,64.4
Frederick,Goulet,70.83
Timothy,Poynter,78.13
John,Tanner,73.84
Jason,Eaton,75.81
Anthony,Kim,70.94
Kevin,Roca,82.19
Domingo,Valdez,87.76
Dorothy,Porcelli,87.97
Kattie,Davis,71.6
Patricia,Boyd,77.63
Steven,Little,80.93
Mario,Victor,83.01
Steven,Sharp,64.87
Dorothy,Farruggio,82.18
Matthew,Washington,67.03
Maureen,Paramo,76.62
John,Laughlin,81.63
Edgar,Nunez,71.33
Robert,Ragusa,60.74
John,Girman,70.46
Wanita,Robbins,71.34
Betty,Harwell,67.3
Ivette,Antillon,96.94
Gladys,Altman,84.49
Jeanette,Whetzel,93.24
Jill,Nesbitt,75.27
Mary,Adams,58.86
Melissa,Bonilla,89.36
Odessa,Parker,87.37
James,Laflam,74.08
Patrick,Hall,82.38
Ursula,Briggs,81.38
Thomas,Thompson,72.43
Raymond,Baisley,78.45
Christopher,Davis,63.89
Gwendolyn,Simmons,72.44
Claude,Hornback,79.68
Neil,Slane,75.89
Patricia,Perry,74.44
Maurice,Merrill,67.32
Phillip,Cherry,89.47
Frank,Paynter,91.86
Freddie,Towry,79.93
Thomas,Kallas,70.93
Jeanne,Bridges,67.59
Mary,Alexander,80.66
James,Dronet,83.65
Brett,Porche,75.32
Grady,Gonzales,88.45
Elaine,Stewart,79.99
Doris,Trimble,80.34
Angela,Raines,75.36
Lorraine,Collins,79.51
Lois,Lee,68.85
Celeste,Alvarez,68.77
Samuel,Cole,97.66
Raymond,Chalk,77.89
Albert,Carrillo,74.11
Charles,Pellegrino,82.15
Richard,Nesbitt,87.19
Liliana,Baker,81.27
Raymond,Trager,71.72
Mack,Abbott,58.85
Rodney,Thrasher,93.11
Randy,Leon,76.83
Joann,Wilson,85.68
Hugh,Kosinski,72.58
Darla,Hendrix,76.76
Max,Ritz,82.62
Timothy,Owens,71.59
Christine,Donis,69.2
Rhoda,Woods,81.35
Amparo,Devries,75.66
Michelle,Obrien,75.73
Kathy,Foster,77.46
Benjamin,Johnson,72.34
Donna,Tran,83.09
Lamar,Lewis,81.43
Roxanne,Moulden,77.84
Adam,Hogan,62.48
Elizabeth,Daniel,68.04
Susan,Williams,88.47
Jennifer,Head,74.45
Laura,Kato,87.06
Cedric,Tuggle,81.01
Sophie,Farrell,82.65
Alice,Moore,60.25
William,Carlson,77.08
Ricky,Alvarez,75.86
Justin,Moore,86.42
William,Taylor,83.57
Robert,Gailey,85.54
Mary,Wisniewski,75.43
Mark,Moree,77.04
Debora,Veliz,74.09
George,Gonzales,76.33
Paul,Orloff,88.2
William,Warner,83.35
Pamela,Preston,77.26
Shirley,Gouge,66.11
Stephen,Howell,73.95
Eugene,Allen,92.55
Pamela,Souder,84.39
Glenna,Warden,84.19
Patricia,Sibbett,71.47
Deidre,Morrissey,72.47
Valorie,Martindale,74.04
Cynthia,Malloy,75.66
James,Pilla,91.41
Dennis,Elledge,70.07
Donald,Haupt,82.09
Rodney,Head,70.31
Edna,Foster,85.99
Lani,Nero,84.52
Denise,Beech,78.5
Kathy,Tracey,76.59
Aaron,Vargas,83.5
Mary,White,82.19
Harold,Acosta,84.35
Janie,Acuna,76.64
Martha,Kerr,82.15
Cynthia,Swanson,82.64
Rafaela,Lukowski,85.17
Joan,Brown,87.28
Mary,Cruz,80.93
Kenneth,Rivera,76.18
Alan,Narvaez,83.34
Jeffrey,Hughes,66.45
Elizabeth,Bishop,72.5
Carol,Morris,79.84
Leda,Weiner,68.22
Francisco,Gilkes,63.41
Charles,Johnson,86.01
James,Confer,80.94
Lawrence,Lavender,82.81
David,Campbell,76.88
Tyler,Bryant,79.3
Janet,Silva,79.06
Nelson,Barron,84.92
James,Bower,85.8
Alyssa,Poteet,83.19
William,Stanford,76.38
Charles,Cox,74.96
Christopher,Walton,72.2
Marianne,Holst,76.19
Alfredo,Rozzi,81.01
Kathleen,Bowman,70.37
Blanche,Ray,87.23
Sam,Thrasher,87.85
Andre,Tara,82.83
John,Craig,79.51
Nathan,Ryan,79.27
Jane,Huie,72.75
Cindi,Nemeth,74.81
Bruce,Venegas,70.5
Carolyn,Harding,79.17
Joan,Mayes,73.5
Leslie,Hansen,80.23
Tamara,Mitchell,80.08
Henry,Jones,80.4
Natalie,Oliver,81.85
Diana,Merritt,72.27
Sharika,Carr,90.32
Aaron,Hanauer,75.43
Jeffery,Vines,83.3
Aaron,Cooper,72.02
Michael,Spooner,76.77
Doris,Otte,83.15
Monica,Conrad,69.44
Diane,Mcdivitt,70.65
Eric,Worden,79.18
Star,Park,76.19
Lewis,Zavala,64.07
Anthony,Alexander,84.12
Jeffrey,Plath,90.59
Annie,Sweeney,78.75
Sylvia,Ward,80.97
David,Long,77.11
Maurice,Costello,67.7
Linda,Blalock,69.5
Velma,Williams,88.41
Linda,Lynch,76.42
Kelvin,Stewart,71.62
Jessie,Low,98.85
Anthony,Wendell,79.95
John,Daugherty,73.82
Fredric,Hernandez,79.6
Edna,Evans,65.72
James,Knipper,83.9
Julius,Crespo,89.52
Scott,Ridge,82.42
Stephen,Gischer,79.5
Lewis,Coleman,86.91
Anna,Olivares,76.55
Calvin,Grisham,80.72
Gloria,Marshall,85.88
Irving,Hernandez,77.9
Minnie,Osborne,80.81
Michele,Garrett,80.26
Maria,Mckelvey,90.89
Amy,Aupperle,78.69
Ronald,Ruble,78.0
Beverly,Jacobsen,85.55
Mary,Carpenter,87.17
Tanya,Janusz,75.45
Emil,Stone,79.16
Robert,Stroud,80.91
Charmaine,Schwenk,80.6
Susan,Pope,60.94
Jack,Heidinger,81.42
Tania,Tandy,78.16
David,White,70.6
Charles,Kassner,92.53
Helen,Johnson,71.34
Mildred,Holland,74.24
Cynthia,Gilmore,78.7
Sudie,Grimes,68.2
Daniel,Case,75.53
Troy,Ivancic,75.75
Eugene,Rossi,93.87
Rodolfo,Lewis,80.74
Sandra,Stevens,75.75
Adrian,Relyea,71.23
Stella,Coronado,80.98
Janine,Eliott,69.42
Nettie,Gaines,81.11
Hortense,Duvall,75.77
Mary,Mccabe,66.58
Isabelle,Jones,78.63
Gilbert,Raspberry,87.26
Kerry,Burris,70.51
Terrence,Hamilton,80.52
Dionna,Miles,82.17
Janice,Barnes,81.51
Miguel,Buchanan,75.24
Alan,Sullivan,69.43
Jerry,Hoyle,67.06
Mathew,Mccoy,66.85
Bridget,Squire,70.84
Rita,Scoles,70.26
Felice,Ally,82.13
June,Arnold,84.38
Robert,Ritchey,74.37
Diana,Wilson,102.3
Jennie,Wright,84.95
Stuart,Roberts,81.35
William,Coleman,82.16
James,Arellano,85.43
Tressie,Escobar,68.07
Martha,Mckinnie,78.81
Lori,Rosales,85.51
Sean,Titus,93.9
Elizabeth,Oden,72.08
Janet,Mcginnis,81.94
Darin,Booker,85.21
William,Thomas,65.09
Kelly,Guerra,83.29
Marc,Rodriguez,70.79
Derrick,Sonnenberg,79.59
Naomi,Strickland,92.92
Leslie,Brown,83.59
Melinda,Jackson,86.58
Taylor,Thorn,74.86
Kathleen,Marshall,94.84
Timothy,Perkins,96.81
Fred,Schoonmaker,75.08
Charles,Whitten,84.18
Taylor,Westfield,69.6
Betty,Harper,71.48
Kathleen,Johnson,81.48
Patrice,Ortiz,77.04
Lena,Elmore,76.06
Michael,Faucher,89.33
Malia,Lucas,98.67
Anita,Storms,82.01
Sheila,Greenberg,82.5
Kyle,Rance,78.57
Wesley,Roberts,94.1
Vivian,Culotta,81.18
Christina,Shufelt,70.03
Adam,Ferris,79.56
Michael,Neeley,76.8
Albert,Hoffman,80.47
Wanda,Minton,81.9
Myra,Yoo,82.36
Daniel,Hirata,79.14
Thomas,Damore,74.0
Clarence,Pulliam,89.14
Howard,Larson,72.01
Suzanne,Emery,81.9
Betty,Matten,79.76
John,Moniz,87.16
Madonna,Bellendir,69.04
Leonard,Green,80.85
Marcus,Sanchez,74.41
Earl,Sierra,77.63
Stephanie,Elliott,60.06
Martha,Lynch,71.56
Marcelo,Moss,73.83
Donald,Makris,77.73
Cara,Tong,81.99
Maribel,Urmos,68.88
Nita,Robertson,94.67
Keith,Smith,82.64
Essie,Dilullo,84.2
Susanne,Scantling,82.01
Julie,Brown,83.33
Richard,Dickerson,72.37
Michael,Randolph,69.15
Kimberlee,Shofner,64.51
Gina,Johnson,78.56
Benjamin,Hart,82.28
Rebecca,Wright,70.83
Catherine,Cannon,70.61
Pamela,Rameriz,87.12
Rosa,Mitchell,72.36
Bobbie,Peach,77.54
Rita,Riley,66.82
Susan,Davis,76.05
Terry,Johnson,100.47
Steven,Hughey,71.7
Donald,Krivanek,90.02
Judy,Turbacuski,76.62
Sylvia,Palomino,80.13
Bess,Nogle,66.23
Frank,Marshall,73.53
Dorothy,Williams,72.04
David,Sands,98.52
Alexandra,King,73.75
James,Daily,76.43
Abel,Wagstaff,73.4
John,Brown,69.8
Elmer,Chavez,78.39
Sarah,Haas,66.79
Clemente,Gebauer,71.07
Linda,Smith,77.16
Keith,Finley,84.81
Sharon,Thorsen,86.72
Charles,Williams,72.97
Raul,Martin,80.34
Mammie,Gibson,82.21
Kathleen,Morgan,74.54
Sharon,Simmons,66.83
Richard,Womack,69.06
Matthew,Culver,74.07
Mary,Keagle,72.44
Nicolas,Dinsmore,84.7
Robert,Read,69.33
Jaime,Wells,67.64
Stephen,Strait,83.52
Steven,Drake,77.94
Emmitt,Redd,73.64
Thelma,Perkins,72.2
Eric,Davidson,87.1
Mary,Seaman,70.44
Samuel,Sanchez,76.32
Richard,Lucas,84.08
Jennifer,Brandy,87.32
Tonya,Reno,74.52
Carmen,Berger,75.4
Ruth,Keller,91.78
Susan,Kendall,78.13
Carolyn,Marashio,78.88
David,Pounds,89.3
Melissa,Thomas,85.93
Tracy,Wilkins,73.29
Ramona,King,75.9
Marylee,Hungate,62.06
Corey,Deangelo,77.85
Tawana,Limberg,82.86
Ted,Mathews,81.95
Patricia,Miles,94.02
Brittni,London,81.23
Douglas,Gagne,68.16
Peter,Edwards,68.53
Maxine,Johnson,72.51
Teddy,Moore,79.48
Robert,Bingle,75.67
Shirley,Hagedorn,72.56
Ericka,Mccalla,92.11
Oliver,Battles,80.56
Roger,Finkel,71.07
Eunice,Alvarado,74.79
Jessie,Diehl,78.24
Gilbert,Benzing,73.36
Cassandra,Horn,80.46
Henry,Worker,70.23
Allison,Stark,76.25
Elsie,Joseph,77.3
Deborah,Rosales,81.55
James,Stremming,82.04
Mary,Outwater,73.73
Lorie,Fitzgerald,89.82
Jessica,Simonton,81.46
Simona,Szabat,82.15
Sherry,Brannon,87.74
Krystal,Adams,81.09
Emma,Croy,79.87
Norma,Wiese,81.74
Tori,Fuller,96.25
Jim,Brady,99.37
Mary,Dougherty,80.81
Tana,Moseley,76.77
Larry,Wood,82.28
Lance,Rosario,75.32
Clara,Brand,75.66
Cathleen,Warnock,78.58
Viola,Nelson,70.81
Jack,Harmon,61.1
Christopher,Miller,76.76
Florence,Nickel,76.65
Bradley,Moore,83.51
Arthur,Colvin,80.83
Gerald,Tibbs,88.16
Chad,Jordan,73.08
Lorraine,Mention,69.0
Cynthia,Green,80.01
James,Ellis,79.15
John,Mclean,70.95
Carmen,Nordberg,86.75
April,Knapp,78.25
Joanne,Colten,78.04
William,Slater,92.53
Steven,Francis,88.08
David,Figueroa,76.19
Charles,Turner,113.66
Connie,Jay,77.95
Mary,Santillo,90.04
Julia,Pierre,79.11
Brandi,Miller,80.44
Jo,Dickerson,78.09
Christopher,Harris,72.94
Marguerite,Fajardo,72.03
Teri,Mohler,72.49
Michell,Sandy,63.65
Maria,Cook,72.51
Andre,Engles,73.65
Larry,Davis,71.18
Jack,Duarte,69.83
Sandi,Holleran,68.9
Tyler,Murphy,86.34
Gilbert,Carpenter,71.53
Marie,Orr,84.29
Michael,Alvarez,82.92
Roger,Rhodarmer,91.19
Charles,Hisle,79.57
Joyce,Kanas,82.36
Harry,Kinney,77.13
Edward,Wright,92.55
Fred,Davis,83.29
Lawrence,Obiesie,67.58
Claire,Gonzalez,87.1
Randall,Leber,72.99
Keith,Carrel,93.68
Lloyd,Ellis,82.54
Linda,Johnson,65.04
Matthew,Bump,83.22
Sherry,Mcquiston,81.03
Vera,Baynard,95.06
Lillian,Girard,84.12
Robert,Rivers,64.95
Gene,Fields,87.6
Anne,Clark,88.96
Katherine,Rice,95.65
Jill,Harper,75.92
Michael,Lancaster,53.16
Jamie,Huntington,88.52
Teresa,Cooper,69.48
Spencer,Richter,75.11
Howard,Greene,84.39
Carissa,Lipps,87.22
Adam,Mcevoy,73.92
Agnes,Carter,83.46
Ruth,Craig,72.06
Tracey,Lilly,85.19
Anthony,Iser,72.45
Carlos,Barker,80.66
Martin,Eldridge,68.87
Andrew,Collins,80.89
Dave,Pimenta,73.93
Diego,Darrow,70.0
Ira,Pemberton,80.0
Collin,Maxfield,79.47
Stephanie,Hall,78.12
Robin,Dahms,78.22
Donald,Mills,80.07
Donald,Rudio,75.03
Steve,Springle,70.8
Michael,Sabatini,78.31
Leroy,Swenson,89.52
Amalia,Rowe,70.37
Sheryl,Brooks,83.42
Rosa,Barela,70.21
Bruce,Mcguire,90.16
Melissa,Wheeler,90.26
Leonard,Sims,86.6
Mark,Schmidt,79.68
Kenny,Ritter,69.97
Sheila,Flowers,73.92
Johnny,Card,87.82
Heather,Fearn,78.17
Elizabeth,Tiger,80.62
Carole,Foss,75.57
Luther,Prater,79.23
Norman,Brown,77.43
Ted,Brackeen,78.7
Doris,Malcom,92.58
Cristina,Allender,75.74
Zita,Benner,67.11
Victor,Bryson,72.13
Michael,Penney,85.42
Michael,Reyna,82.08
Felicia,Saunders,84.29
Timothy,Latimer,77.55
Patty,Hansel,80.6
Gregory,Williams,83.8
Michael,Robertson,87.79
Ann,Smith,74.36
Andreas,Jacobsen,76.25
Barbara,Grady,71.28
Brittney,Webb,79.55
Willard,Lockridge,72.76
Ryan,Cherry,81.32
Gilda,Johnson,78.83
Daniel,Sanchez,88.92
Linda,Steedley,81.47
Tim,Laroche,85.55
Donna,Riddle,70.12
Aaron,Roberts,72.2
Grace,Coleman,80.89
Nancy,Reid,69.73
Anthony,Koetter,80.3
Emmanuel,Cook,76.13
Susan,Swartz,70.2
Monique,Stephens,90.88
Kimberly,Ahmann,74.73
Diana,Short,78.1
Katherine,Cramer,80.37
Emma,Gadsden,76.73
Leonel,Mcglone,72.19
Bonnie,Ruano,86.97
Wesley,Schmitt,71.89
Preston,Cowan,73.33
Mary,Walthall,81.53
Rachel,Nieves,89.79
Daniel,Weeks,67.61
Bernard,Messing,73.87
Betty,Elmore,77.58
Marion,Dotson,78.48
Wendy,Massey,68.11
Tom,Hull,80.22
Dawn,Speis,83.75
Deborah,Laplant,73.96
Peter,Martinez,74.12
Fatima,Alexander,76.75
Daniel,Dennis,79.56
Glenda,Gonzalez,81.63
Jared,Thomas,69.36
Edith,Taylor,77.7
Cora,Vaden,75.06
Melanie,Richardson,76.45
William,Oberlander,87.78
James,Swick,77.49
James,Greene,68.43
Brian,Osborne,85.09
Fidel,Matlock,81.81
Delores,Warnke,75.27
David,Ross,71.8
Kelly,Mosley,85.31
Carl,Gilder,68.64
Clare,Robbins,84.06
Angela,Marcucci,78.31
Brian,Baccam,81.3
Steven,Thomas,76.31
Matthew,Blake,76.56
Ray,Boon,69.69
Kelly,Thompson,73.39
Holly,Czapor,80.58
Margaret,Rickard,79.9
Jonathan,Pacitto,72.54
Ramon,Halley,81.3
Lee,Woods,75.75
Eleanor,Slate,82.54
Matilda,Mckenzie,82.7
Cyndi,Laroche,81.81
Albert,Brooks,77.68
Carmela,Rosenblum,74.54
Vincent,Rehkop,71.23
Denise,Davis,75.01
Beatrice,Baro,72.81
Ruby,Willard,84.24
Stephanie,Donlon,78.05
Mary,Alessi,83.12
Jane,Buckley,84.91
Alvin,Miller,76.88
Ricardo,Waller,70.9
Shiela,Lawing,80.1
Ashley,Elmer,69.29
Marie,Robertson,72.22
Joseph,Overton,67.35
Sean,Mills,65.79
Liza,Fajardo,68.21
Jeffery,Leno,88.78
James,Ford,82.26
James,Mayon,63.15
Jack,Wilson,67.69
Betty,Peck,68.0
John,Downs,88.05
Stephanie,Johnson,72.83
Steve,Rother,81.36
Paul,Callaghan,83.07
Susan,Daniels,61.6
Elizabeth,Marti,84.94
Barbara,Furey,79.83
Michael,Corbitt,83.58
Karen,Jones,92.42
Gerald,Holzinger,81.42
Darlene,Menjivar,77.52
David,Patterson,71.62
Richard,Spegal,70.25
Dan,Manning,72.4
Sara,Major,67.88
William,Moore,66.63
Steven,Hill,79.43
Richard,Tasker,77.53
Bernard,Cooper,77.87
Ralph,Hutchison,76.22
Glenn,Gardner,84.29
Mark,Gately,68.06
Harold,Maynard,81.57
Lonnie,Freeman,98.16
Antonio,Acevedo,69.59
Allen,Meyer,76.09
John,Foote,80.66
Michelle,Tallent,84.57
Priscilla,Wright,51.6
Alfred,Holloman,80.51
Martha,Mcalary,61.73
Richard,Baskerville,72.77
Merlin,Branner,81.0
John,Febus,69.12
Chad,Price,80.6
Dean,Whatley,81.99
Bernice,Arrington,70.35
Raphael,Niss,75.2
Stephanie,Torres,76.95
Polly,Napier,70.26
Mary,Riker,71.38
Pearl,Riley,81.25
Robert,Bruno,66.86
Glen,Hudson,79.23
Wanda,Diaz,77.46
Francis,Young,89.37
Roger,Leclair,99.45
Bradley,Marinelli,81.56
Beverly,West,79.76
Derrick,Jones,74.79
Samuel,Dasilva,70.55
Randolph,Pellerin,74.78
John,Dudgeon,74.72
Jean,Carlson,73.41
Dave,Schier,82.67
Harry,Walter,78.7
Robin,Taylor,64.56
Kenneth,Keogh,72.48
Joe,Hausmann,75.07
Golden,Parkhurst,78.31
Erika,Woodhouse,65.18
Jean,Hendricks,63.17
Eric,Rodriguez,76.66
Ronald,Cottrell,79.88
Pauline,Collins,73.32
Norman,Varron,80.38
David,Goddard,88.13
Tony,Green,80.8
Maria,Mclaughlin,77.47
Gary,Seales,76.19
Heather,Bloom,74.95
Nathaniel,Baerga,65.36
Douglas,Smith,69.02
Elois,Davis,76.25
Tracy,Lamison,80.26
Gary,Sanches,87.61
Michael,Clark,76.25
Christopher,Alexander,71.84
Sean,Ball,82.2
Joseph,Atkins,80.97
Rebecca,Wyant,71.65
Jon,Salas,70.57
Judith,Tate,65.51
Janice,Jarrell,76.08
Andrew,Coates,80.26
Cristobal,Overton,69.28
Annette,Gates,84.29
Arthur,Harvey,69.46
Tari,Weitzel,87.89
Gwen,Marshall,89.84
Della,Berger,80.31
Paula,Jacques,70.67
Henry,Dorich,79.71
Michael,Manalo,94.34
Tina,Dooley,78.11
Beatrice,Baylor,77.06
Megan,Novakovich,82.93
Edward,Cheung,77.02
Gloria,Orange,79.92
Maria,Haley,76.91
Rosalie,Castle,88.04
Matthew,Gonzales,72.97
Christopher,Barnes,54.24
Jacqueline,Whitaker,85.16
Doris,Jones,84.11
Stacy,Mckee,73.46
Eddie,Parker,77.57
Joann,Rowe,66.5
Brandon,Virgil,82.94
Regina,Roberts,83.82
Bernice,Pilbin,74.12
Douglas,Laskin,84.75
Lisa,Baginski,71.25
Kirsten,Granthan,90.88
Thomas,Butler,85.9
Charles,Farnsworth,81.26
Gladys,Walker,81.48
Otis,Musso,83.09
Michael,Stout,73.86
Elizabeth,Walters,77.67
John,Crain,73.75
Sabrina,Devito,78.21
Shane,Kean,71.88
Annie,Dorazio,67.01
Sandy,Dempsey,92.86
Sarah,Tiller,90.07
Stephen,Miller,75.05
Roderick,Johnson,69.73
Thomas,Dorsey,83.6
Cheryl,Martinez,86.86
Muriel,Lane,61.78
Sandra,Enos,80.9
Daniel,Skaggs,84.09
Jillian,Cook,80.1
Garry,Williams,78.74
Eva,Thielen,80.74
Susie,Germain,74.82
David,Whapham,71.94
Shirley,Morgan,90.6
Isela,Weaver,77.11
Willie,Botello,75.18
Dawn,Drake,75.49
Ella,Gonzalez,67.48
Evelyn,Stafford,71.52
Patrica,Griffith,83.55
Chin,Farmer,83.43
Wanda,Fletcher,84.4
Juliane,Barr,75.6
Ann,Doe,80.85
Michael,Sotomayor,83.84
Jeff,Walls,78.89
Terry,Parks,83.24
Jeraldine,Carter,93.8
Ruby,Maroney,80.72
Karen,Kurth,77.55
Robert,Peterson,83.13
Susan,Gaskamp,80.66
Melissa,Bond,91.28
Lettie,Hoyos,75.66
Christine,Deaton,75.01
Gordon,Gipson,74.72
Michael,Taylor,76.19
Greg,Kuhn,74.39
Adam,Siever,82.01
Rebeca,Krag,73.75
Russel,Solis,77.22
Edwin,Butt,71.86
Joshua,Moilanen,67.45
Roxana,Green,85.72
Marcus,Testani,78.92
Maria,Canterbury,87.79
John,Bolton,62.56
Davis,Davidson,74.05
Classie,Johnson,76.07
Daniel,Christensen,83.21
David,French,76.72
Jennie,Frost,78.17
Vernice,Russel,78.38
Caleb,Mcalister,64.31
Kasey,Brandt,82.95
Deborah,Macvane,85.11
Maria,Hays,66.22
Albert,Khoury,81.6
Justin,Martinez,76.82
Juanita,Ruffin,83.19
Darren,Haynes,81.23
Pedro,Curtis,88.49
Elizabeth,Dillon,75.51
Donald,Martinez,89.18
Rebbecca,Scinto,79.97
William,Barrett,85.28
Denise,Flynn,78.93
Danielle,Land,76.71
Jennifer,Dinham,83.41
Freddie,Burns,74.39
Chris,Simmons,70.77
Dale,Little,87.05
Thomas,Decker,64.28
Teresa,Jordan,90.35
Ronald,Flanders,92.0
Christa,Villanueva,66.97
Corey,Tripp,86.14
Lawrence,Gass,77.91
Mary,Crouch,79.47
Ricky,Cole,72.6
Albert,Logsdon,75.33
Michael,Roy,78.63
Jerome,Brizuela,73.84
Richard,Atkins,77.05
James,Queen,79.59
Clarence,Patterson,76.52
Junie,Marcus,83.51
Edward,Stephens,66.92
Gail,Workman,69.09
Amy,Gould,87.24
Kattie,Mcqueen,87.27
Arturo,Castaneda,63.57
Lisa,Malone,87.09
Palmira,Glass,81.16
Jo,Arteaga,68.53
James,Brown,87.68
Helen,Rose,61.75
Edwardo,Cervantes,65.92
Migdalia,Rutkowski,81.99
Maurice,Nalley,87.42
Adrian,Jamili,58.2
Lynn,Addiego,76.24
Donald,Rhyner,67.67
Latricia,Rodriguez,83.47
Christine,Mero,76.79
Anna,Nichols,74.5
James,Dixon,89.61
Linda,Hopkins,88.93
Frank,Velez,84.9
Carolyn,Burns,84.66
Janet,Hotalen,70.09
Helen,Brinker,87.11
Michelle,Salters,72.47
Timothy,Lewis,81.14
Gabriel,May,89.91
Patricia,Wyckoff,71.96
Viola,Zable,69.12
Cesar,Johnson,75.83
Betty,Crosby,75.04
Benjamin,Weyandt,73.22
Barry,Cabanilla,88.88
Kelsie,Chacon,82.63
Michael,Foster,78.4
Susan,William,80.82
Philip,Dembitzer,89.34
Alan,Gibson,81.43
Brian,Gillis,70.88
Lacy,Juarez,80.86
Michelle,Grimshaw,78.25
Jennie,Holder,80.96
Rose,Fleck,88.0
Virginia,Hill,59.02
Carolyn,Armstrong,94.18
Paul,Germann,78.58
Veronica,Corley,94.87
Carl,Romeo,73.27
Michael,Davis,71.51
Paul,Hall,91.27
Lan,Saeler,77.26
Peter,Fagan,68.7
Fernando,Coffman,81.28
Cornell,Symes,83.25
Kathryn,Rogers,87.83
Lora,Engelken,63.79
Andrew,Powell,68.95
Zenobia,Shackett,76.07
Dolores,Robichaux,80.11
Robert,Espinal,92.77
Kimberly,Alvarez,82.88
Ramon,Ferguson,74.55
Helene,Young,69.94
Thomas,Smith,76.52
Joey,Bertrand,74.4
Arturo,Elkins,71.5
Dave,Ferguson,78.65
Marybeth,Ingram,100.79
Becky,Stiltner,58.77
Marvin,Bernal,74.94
Ruth,Lyles,78.13
Mary,Deep,65.44
Wesley,Sweeney,80.92
Jermaine,Sullivan,76.07
Grace,Nelson,77.34
Joshua,Evans,82.1
Lillie,Griffin,79.57
Dwayne,Cox,74.82
Angela,Jones,81.37
Pete,Johnson,66.05
Richard,Krul,80.09
Isabella,Lysak,77.14
Klara,Mose,69.5
Frances,Bradway,71.48
Marlin,Jones,49.09
Kathryn,Kerr,70.84
Joe,Hinojosa,75.82
Beulah,Lebowitz,75.09
Monica,Booth,90.75
Trudy,Cantrell,76.59
Lin,Butcher,74.09
Fredrick,Rowe,76.16
Carol,Lee,84.94
David,Vascocu,77.01
Mary,Hampton,72.92
Roslyn,Smith,83.42
Robin,Trujillo,83.76
Nicholas,Zigler,64.48
Johanna,Lee,77.63
Jason,Barbara,76.39
Megan,Mesias,83.11
Leonel,Delapaz,77.09
Lindsay,Comstock,74.37
Viola,Mulloy,90.15
Nora,Nifong,78.31
Charles,Harden,78.52
Desiree,Humphrey,91.8
John,Davis,66.06
Frankie,Knight,80.93
Crystal,Brammell,73.15
Migdalia,Blanche,72.37
Lucille,Crawford,77.66
Ruben,Decker,72.94
Michael,Huddleston,63.04
Jack,Dawson,72.75
Virginia,Ogle,77.2
Monica,Kierzewski,69.7
Jimmie,Goggin,69.88
Terry,Simpson,81.6
Charles,Gardner,58.03
Jose,Robins,84.54
John,Marcum,83.12
Gary,Lima,73.45
Yolanda,Madry,83.91
Ida,Garris,79.22
Deborah,Schroeder,74.09
Deborah,Rolfes,89.95
Robert,Semons,85.66
Jennifer,Litton,62.07
Jim,Montoya,73.98
Viviana,Williams,76.12
Jack,Schweizer,94.71
Annette,Goto,78.47
Amy,Conkel,84.59
Alisha,Gerald,76.93
Lucia,Hight,79.79
Mary,Rodriguez,71.92
Billy,Frankum,88.59
Filomena,Kendall,63.35
Fred,Istre,87.42
Erik,Denman,88.16
Carrie,Schuster,77.04
Travis,Harris,75.41
Ben,Thornton,69.0
Nathan,Wesley,77.34
Julia,Phillips,79.16
Jeffrey,Boutelle,80.61
David,Krug,78.96
Emily,Cogan,70.32
Sandra,Rieck,88.89
Pablo,Peterson,76.01
John,Wilds,83.24
Kami,Metzger,67.6
Richard,Medina,65.51
Myra,Johnson,86.21
James,Jordan,73.54
Lillie,Link,75.43
Gary,Hood,79.57
Sara,Clark,93.05
Curtis,Evans,83.07
Johnnie,Hearnen,85.82
Flossie,Gaddy,78.93
Anna,Miyoshi,73.22
Luis,Smith,80.6
Jeannette,Young,76.34
Rosie,Hughes,79.11
Edward,Garraway,81.44
Ashley,Torres,73.89
Brian,Farley,90.26
Wanda,Eunice,61.66
Lavonda,Mctaggart,66.92
Maria,Laroche,73.6
Callie,Hall,72.23
Eleanor,Cree,71.24
Mario,Solar,76.62
Carey,Cummins,75.55
Helen,Jackson,83.61
Herbert,Taylor,79.32
Vincent,Eastwood,74.59
Christian,Mutch,88.83
Ramona,Griffitts,84.84
Chester,Kimmes,79.55
Kara,Donald,79.74
Gregory,Frey,70.45
Grace,Mercado,83.47
Geraldine,Jones,70.35
Vicki,Guidry,77.03
Lizzie,Townsend,65.12
John,Huffman,77.5
Shannon,Neiman,71.3
Sandra,Verde,83.37
Alvin,Athearn,92.74
Buster,Crane,84.62
Phillip,Parker,75.26
Olga,Charlton,74.47
Lisa,Sykora,69.41
Johnetta,Greene,85.32
Lisa,Freeman,74.26
Timothy,Jones,83.74
Ruby,Dandridge,74.71
Timothy,Flores,84.63
Ernest,Murphy,82.17
Tyler,Haecker,64.52
Sylvia,Moe,83.67
Shelly,Smith,71.32
Teresa,Jennings,79.51
Juana,Love,66.02
Monica,Boyle,75.63
Ernestine,Neal,79.7
John,Johnson,85.03
Ginger,Walters,71.71
George,Card,82.47
Cindy,Albrecht,75.62
Charlie,Anderson,72.94
Peggy,Proffitt,68.18
Elaine,Belanger,76.93
Woodrow,Mccann,79.5
Gilbert,Ladd,75.16
Clinton,Henry,74.29
Joanne,Danley,85.86
Anita,Smith,76.86
Heather,Loper,88.39
Catherine,Stough,81.05
Ruben,Shelly,78.43
Michael,Davenport,82.69
William,Stepp,73.47
John,Jacobson,83.42
Tomiko,Cloud,82.0
Lowell,Lavin,76.44
Chad,Gumina,82.97
Daniel,Pyle,77.32
Dominique,Jackson,85.66
Fernando,Boughton,84.98
Odell,Hall,72.1
Lester,Florian,82.2
Eva,Trujillo,67.79
Rosemary,Klan,75.62
Mary,Sallee,72.15
Susan,Nehls,78.98
Rodney,Evans,101.66
Samuel,Vargo,83.01
Nathan,Sommerfeld,69.52
Lucy,Daniels,83.04
Judy,Crain,71.35
Gloria,Chandler,102.18
Sandra,Smith,78.22
Humberto,Garland,93.98
John,Mcmillian,68.97
Kathleen,Vega,81.63
Lea,Raby,66.31
Andrew,Mendoza,86.38
Jackie,Ward,68.38
Annie,Howzell,70.02
Angelia,Day,81.65
James,Fairchild,77.0
Debra,Pike,69.7
Jose,Brown,96.35
Elizabeth,Reed,62.03
William,Walsh,85.29
Jean,Marin,84.58
Trena,Grant,69.41
Betty,Dickens,78.6
Samuel,Martinez,63.28
Bradley,Bradbury,80.52
Daniel,Quintero,95.56
Tammy,Mcguire,74.57
Pamela,Archibald,84.36
Laura,Barger,81.51
Cheryl,Perry,69.79
Clora,Partin,87.98
Betty,Schmidt,80.0
Katherine,Thorton,73.54
Agatha,Phan,81.61
Gregory,Beachum,89.86
Tony,Bogan,72.94
Courtney,Baima,66.5
Gina,Brown,88.9
Doris,Baldwin,82.59
Chae,Mccarthy,85.16
Georgia,Moskowitz,82.29
Krystina,Nance,90.34
Wayne,Fredrickson,81.08
Susan,Keough,82.26
Alice,Cote,77.2
Terry,Vaugh,72.24
Joel,Kinnard,75.18
Randall,Jackson,91.92
Heather,Giron,92.61
Guillermo,Gambill,73.94
Michael,Darragh,86.52
Michael,Phelps,80.66
Alfredo,Leggett,67.27
Sam,Bond,79.47
Debra,Valsin,73.8
Ethel,Dennis,74.14
Michelle,Hayes,81.46
Robert,Crew,93.02
Dorothy,Duvall,72.87
Bernice,Latimer,78.85
Dustin,Michaels,82.48
Terri,Long,83.97
Gregg,Taylor,60.33
Myrna,Bloomquist,76.25
Virginia,Blackwelder,60.45
Linda,Bougie,99.96
Latonya,Bernstein,88.09
Thelma,Trell,73.27
Gary,Gillespie,80.76
Francisco,Noto,76.53
Dale,Murphy,62.22
Kathy,Wilson,81.76
Nancy,Almaraz,72.54
Michael,Archila,80.15
Mary,Bellinger,94.9
Lawrence,Roland,63.59
Betty,Kabat,73.91
Ricardo,Wills,72.97
Patrick,Connolly,84.75
Thomas,Mason,82.32
Jamie,Caballero,78.16
Rosalyn,Jones,81.84
Joseph,Rybicki,78.42
Carol,Lecky,86.97
Barbara,Hawkinson,80.78
Lula,White,89.03
Patricia,Espinosa,83.91
Michael,Ross,77.25
Elizabeth,Bland,76.92
Jill,Magic,68.29
Hettie,Raymond,89.64
Janice,Henson,86.14
Walter,Hillman,69.57
Helen,Gilmore,71.14
Patricia,Chapman,73.19
Joy,Rossbach,78.64
Tia,Hall,82.1
Joseph,Lampert,79.06
Ashley,Campbell,79.64
Daniel,Waters,77.35
Lonnie,Clark,71.44
Felicia,Sanchez,70.03
Robert,Brown,77.24
Jeffrey,Flores,72.85
Justin,Ostrowski,63.91
Douglas,Stone,73.72
Joshua,Bolden,72.5
John,Koster,67.46
William,Greene,71.28
Tony,Cannon,79.68
Johnnie,Cantu,73.27
John,Harris,68.61
Robert,Craven,82.08
Howard,Pena,76.83
William,Redding,67.92
Patricia,Sas,76.48
Yolanda,Salcedo,82.6
Travis,Vaughn,82.01
Randal,Tate,70.51
Michele,Klauer,77.36
Joan,Epperly,79.14
Amado,Bagnoli,83.68
Clara,Haid,79.3
Dennis,Smith,70.58
David,Parish,77.84
Mary,Yamaguchi,84.65
Christopher,Waldrop,82.4
Ruth,Ruhl,71.55
Julia,Mcclure,84.87
Jennie,Albers,95.99
Jackie,Mosby,71.96
Brian,Burns,78.68
Steven,Mobley,71.59
John,Craig,68.66
Edgar,Hahn,79.14
Guadalupe,Berger,85.15
Lucille,Aita,64.43
Jenny,Longino,67.5
Keith,Hayes,81.51
John,Miller,80.98
Rosemary,Douglas,70.38
Thomas,Brenner,93.14
Kasie,Mcconnell,79.36
Maria,Reel,71.86
Amy,Grady,82.22
Melissa,Shorb,64.86
Albert,Eck,76.96
Raymond,Fletcher,85.66
Terry,Weinstein,88.02
Claude,Bryant,65.93
Mike,Markrof,87.27
Gregory,Giles,70.47
Murray,Bradshaw,73.95
Allan,Nash,70.67
Anna,Pauley,77.3
Jeffery,Kurtz,77.02
Theodore,Cook,92.81
Mary,Harrison,76.33
Geraldine,Chambers,65.36
Victor,Reibert,81.36
Juan,Christensen,77.27
Irwin,Garner,93.31
Edna,Ruegg,90.78
Edgar,Lundy,90.94
Brittany,Senter,80.54
Mathew,Millick,82.84
Daniel,Allbright,78.64
Anne,Frampton,82.7
Tim,Marshall,67.05
Betty,Valencia,79.25
Kelly,Lawson,89.77
Donald,Stoddard,63.91
Richard,Painter,68.64
Karen,Pinon,86.74
Katherine,Waller,76.22
Alvin,Sneed,79.98
Jeff,Phillips,95.63
Anna,Williams,76.34
Matthew,Bowles,71.84
Derek,Chilson,77.05
Joseph,Byrd,85.27
Jim,Richert,66.32
Marla,Hockenberry,74.39
Wendy,Woody,75.77
Edna,Ortiz,79.2
Gene,Middleton,82.57
Phillip,Quigley,84.36
Johnson,Fetterhoff,100.2
Henry,Mugrage,84.92
Crystal,Gruis,81.56
Sylvia,Brandon,66.72
Katherine,Cole,80.44
Ronald,Sharp,81.73
Luther,Steed,80.56
Mary,Stoppkotte,84.49
Samantha,Burton,70.83
Jonathan,Landstrom,79.84
Beth,Mack,78.29
Mindy,Burlock,71.73
Christopher,Martinez,78.41
Terrie,Blaine,82.55
John,Rust,78.51
Bill,Johnson,75.45
Vicki,Arkell,44.79
Joseph,Bassett,79.15
James,Evans,71.79
Rose,Rodriguez,73.02
William,Troup,83.72
Kathy,Livingston,77.45
Gregory,Hughley,72.22
Leland,Chang,86.88
Claudia,Doke,71.36
Bianca,Castro,84.38
Robert,Delgado,85.24
Adam,Wright,82.13
Eric,Stevenson,75.87
Esperanza,Richardson,81.56
Dana,Macdonald,67.41
Grace,Walker,77.09
Thomas,Claudio,88.77
Lori,Spence,75.32
Layne,Nimmo,72.38
John,Bornhorst,87.74
Tammie,Clayton,73.03
Lawrence,James,91.89
Julio,Martin,78.46
Aaron,Cooper,99.28
David,Mason,81.79
Leah,Surface,74.95
Mollie,Woods,77.89
Lucius,Watson,76.23
Pamela,Neider,77.29
Lillian,Longe,74.42
Sean,Mitchell,75.2
Robert,Forbes,64.5
Elda,Hardy,77.13
Terry,Fugate,66.85
Tiffany,Benoit,66.78
Amy,Felice,83.84
Janice,Gooding,57.36
Beth,Elsey,79.75
Amanda,Walters,81.5
Roselee,Sardi,73.24
Luise,Obeso,74.99
Gregory,Anderson,76.99
Joel,Babcock,65.18
Angela,Grimes,71.29
Lawrence,Wildenthaler,60.72
Ellen,Hall,72.35
Rodolfo,Collado,67.35
Robert,Sansone,71.71
Robert,Bucher,74.21
Melissa,Thompson,84.03
Trinidad,Hartry,76.3
Eric,Kirby,75.36
Marvin,Logan,89.35
Dana,Herms,86.63
David,Smith,91.7
Isabel,Lawson,80.66
Jerome,Schammel,76.19
Mark,Mitchell,77.81
Valerie,Victoria,83.51
Ross,Mosher,95.45
Kevin,Collins,85.72
Christopher,Taylor,92.27
Kathy,Carskadon,64.85
Roberto,Milton,78.09
Ernesto,Preciado,72.66
Elizabeth,Simmons,63.62
Lucille,Baker,88.62
Donna,Mcdonald,81.67
Karen,Hart,90.59
Gladys,Temple,71.67
Mark,Zapata,71.4
Roseann,Bogle,83.22
Erika,Hanson,69.32
Marilyn,Ferko,82.05
Lasonya,Castle,79.79
Virgie,Gillespie,72.92
Terri,Harris,73.79
David,Moskovitz,72.08
Mary,Rodriguez,76.53
Jerry,Velez,76.45
William,Kimbrough,66.0
Anthony,Martinez,75.34
Gene,Koppenhaver,73.71
Ellen,Bradford,69.52
Stephen,Riddle,70.65
James,Sherman,83.64
Karen,Coleman,77.31
Gertrude,Bradley,64.54
Paulette,Johnson,74.95
Rodney,Boch,86.17
Mervin,Baker,84.18
Lori,Buoy,77.08
Jorge,Cruz,62.4
Jerry,Hughes,90.94
Emery,Olson,67.94
Robert,Mikels,78.64
Michael,Trammel,83.7
Cory,Youngblood,78.03
Marilyn,Rohlfing,74.19
Edward,Boyle,74.0
James,Ball,73.59
Wesley,Richard,73.23
Shawn,Umanzor,84.85
Desiree,Kell,80.75
Casey,Northcutt,75.14
Raymond,Durr,83.3
Christopher,Carter,80.87
Charlesetta,Cooley,64.26
Laura,Pujols,69.69
Angela,Sprenger,82.65
Dawn,Eads,74.24
Frank,Nicholson,73.91
Julie,Cleveland,73.52
Jason,Roeber,86.47
Sara,Roundtree,73.27
Shannon,Stewart,81.01
Sonia,Lutz,66.57
Jeffrey,Piedra,64.31
Rod,Pelc,70.56
Christopher,Harper,80.86
Kevin,Mohabir,78.01
Dean,Garces,79.93
William,Trojillo,71.23
Mary,Robuck,66.03
Gilberto,Shields,69.97
Shirley,Orr,78.99
Robert,Newton,78.11
Anthony,Page,80.01
William,Deangelis,65.65
Claude,Stockstill,97.29
Eugene,Perdomo,69.28
David,Zepeda,65.36
Annette,Thompson,79.2
Gene,Kelly,86.32
Edward,Mcallister,69.18
Angela,Bak,77.52
Alfred,Flores,86.5
Robin,Mitchum,63.18
George,Knutson,73.34
Lou,Gallagher,77.54
Lillian,Martinez,67.37
Adrienne,Baldwin,78.65
Desmond,Jesse,74.12
Elaine,Hernandez,74.15
Richard,Bowers,78.27
Whitney,Lorusso,76.43
Jerome,Wardell,87.01
John,Weiss,89.48
Pamela,Stevens,77.29
Louis,Ziad,73.35
John,Gordon,82.38
Maurice,Bowens,83.82
John,Daly,81.14
Vincent,Gethers,84.04
Kenneth,Morris,67.49
Joseph,Cooper,83.62
Richard,Smith,84.74
James,Finley,88.97
Barry,Brumback,72.23
Steven,Polzin,75.74
Wayne,Tuholski,79.27
Lisa,Jenkins,70.26
Peggy,Collins,74.35
Florence,Overstreet,70.67
Donald,Redden,78.34
Ester,Morgan,68.56
Armando,Caraballo,71.67
Jose,Weltha,78.46
Celia,Jensen,70.48
Asha,Saito,80.53
Blanca,Guevara,79.78
Jennifer,Carpenter,79.09
Robert,Custer,80.01
Ella,Robertson,83.57
Rhonda,Dunfee,86.17
Carolyn,Cantrell,86.1
Ann,Spotts,63.58
Donald,Taylor,92.73
Aimee,Esperanza,84.38
Ernest,Sprayberry,82.52
Adeline,Bland,67.33
Edgar,Henson,81.11
Tonya,Scott,89.17
Arthur,Alves,74.07
Angelia,Devlin,73.41
Dorothy,Depriest,77.69
Robert,Harrison,69.52
Dolores,Mahan,75.95
Clarence,Quinlan,66.44
Chad,Mueller,88.29
Melissa,Moore,76.92
Gregory,Casey,82.28
Kenya,Curry,90.22
Elizabeth,Schmitz,80.74
Lee,Wilcox,70.26
Sarah,King,77.31
Hoa,Murphy,84.44
Robert,Harris,72.28
Lloyd,Simm,79.39
Jennifer,Eubank,71.56
Adam,Mcdonald,79.86
Bill,Oneill,64.34
Josephine,Knight,72.01
Hazel,Stricklin,81.5
Gerardo,Lansberry,85.1
Nancy,Scott,67.88
Roy,Shilkuski,70.44
Ronald,Patterson,65.97
Louise,Newman,76.12
Amanda,Irwin,76.54
Douglas,Tharp,74.81
Johnathan,Hightower,75.52
Dolores,Gibbons,84.07
John,Upshaw,74.5
Matthew,Pulido,96.24
Noel,Brewster,78.79
Lidia,Alonzo,82.3
Barbara,Torres,63.04
Tony,Bradfield,71.38
Irene,Moye,92.94
Harriet,Kirkpatrick,77.47
Jefferson,Putnam,75.26
Mark,Beck,69.59
Cindy,Klug,79.72
Robert,Contreras,65.38
Kyle,Smith,79.28
Tammy,Parrish,64.83
Jerry,Daniels,69.08
Cory,Phelps,70.52
Aida,Medeiros,74.35
Julie,Mitchell,88.72
Connie,Cooper,82.76
Nickolas,Specht,70.6
George,Ling,89.71
Jacqueline,Conklin,83.61
Teresa,Evans,83.26
Michael,Cook,64.38
Joseph,Her,77.5
Nicole,Wiseman,87.51
Wendell,Craver,83.21
Todd,Knowles,68.26
James,Staggs,70.45
Evelyn,Brown,66.76
Taryn,Doherty,74.17
Cathy,Espinosa,83.85
Patrick,Winters,78.13
Ada,Peralta,71.33
Thomas,Baylock,73.59
Carla,Stephenson,80.41
Ella,Mierzejewski,74.59
Monica,Rouse,97.46
Anna,Brock,66.08
James,Chiariello,78.25
Rosetta,Lebeau,81.49
Lauren,Brennan,77.37
Bryan,Taylor,86.45
Paul,Hurst,86.78
Patsy,Phan,85.74
David,Angus,58.58
Alvaro,Gottlieb,88.4
Stephen,Cross,85.63
Andrea,Hughes,87.55
Anthony,Swick,67.96
Mark,Humiston,80.59
Ryan,Cashdollar,78.41
Ramona,Washington,64.47
Jean,Goodwin,75.44
Isabel,Whyte,77.24
Frank,Kaminski,73.06
Tennie,Hall,73.88
Sidney,Kraft,64.52
Laura,Gerwig,70.51
Melissa,Daniels,81.71
Ethel,Arciniega,79.14
Ella,Wisener,65.6
Barry,Reynolds,86.88
Charles,Petterson,78.72
Ammie,Wilson,77.93
Sierra,Keirn,71.25
Julia,Dixon,75.0
Christopher,Laubach,70.78
Melissa,Brown,83.32
Brian,Foley,74.94
Maria,Meeks,81.84
Deanna,Legarreta,72.64
Teresa,Mcglothian,82.56
Thomas,Mcconnell,76.48
Kitty,Ruvalcaba,69.29
Paul,Barber,63.76
Thomas,Park,73.49
Maureen,Bernhardt,73.01
Deon,Shipton,90.19
Stephen,Brossard,80.82
Jennifer,Owens,52.49
Jenny,Brown,77.49
Wilma,Holland,85.57
Rebecca,Eberle,72.91
Howard,Fields,81.74
Mattie,Long,79.13
Paul,Lopez,75.98
Julie,Wells,66.02
Karen,Hall,77.99
Barbara,Shirley,88.31
James,Rucker,84.15
Alfred,Garnett,88.15
Billie,Davila,77.8
Christine,Ash,80.93
Charlie,Danner,82.23
Florentino,Pinheiro,89.53
Stefanie,Garczynski,83.01
Leah,Silva,72.63
Peter,Whitacre,81.96
Scott,Binette,73.0
Sam,Waterer,74.6
Janie,Kelly,70.96
Daniel,Terrell,80.58
Andrew,Robertson,78.29
Robert,Mcclung,71.31
Robert,Cope,85.59
Frances,Flores,86.26
Kathryn,Lyons,77.97
George,Kushner,74.7
Tisha,Helfer,81.14
Gregory,Ashford,80.41
Jane,Vazquez,79.51
Stanford,Jacobson,83.34
Lisette,Quinney,87.27
Nicholas,Greene,80.33
Renee,Mcqueeney,87.71
Sherry,Berstein,89.97
Mark,Brown,86.46
Bruce,Miesch,84.3
Beverly,Steenbergen,69.62
Edward,Leffert,88.78
Alan,Bush,79.88
Catherine,Rosenfield,90.05
Edith,Duvall,74.18
Wayne,Cowley,72.22
David,Ryan,87.05
Joy,Remiszewski,77.89
Sue,Sines,61.6
Melanie,Docken,72.48
Roberta,Wysocki,72.12
Bernard,Red,87.62
Nathan,Borovec,79.19
James,Corrigan,82.99
Essie,Olivarria,71.6
William,Chute,82.99
Kim,Donahue,84.62
Theodore,Whitfield,91.6
Miriam,Paul,74.93
Linda,Gillespie,79.18
Brian,Cecena,71.86
Linda,Abron,68.39
Mark,Willard,77.02
Gregory,Wood,69.76
Marian,Morris,68.08
Samantha,Shuey,60.77
Leo,Perry,85.47
